CODIGO,DISTRITO,DEPARTAMENTO,MUNICIPIO,ESTABLECIMIENTO,DIRECCION,TELEFONO,SUPERVISOR,DIRECTOR,NIVEL,SECTOR,AREA,STATUS,MODALIDAD,JORNADA,PLAN,DEPARTAMENTAL,ARCHIVO_ORIGEN,ESTABLECIMIENTO_LIMPIO,DIRECCION_LIMPIA,TELEFONO_LIMPIO,DIRECTOR_LIMPIO,SUPERVISOR_LIMPIO,MUNICIPIO_LIMPIO,AREA_LIMPIO,SECTOR_LIMPIO,MODALIDAD_LIMPIO,JORNADA_LIMPIO,PLAN_LIMPIO
07-01-0059-46,07-003,SOLOLA,SOLOLA,"LICEO TECNOLӇICO BILING܅ ""CUAUHTEMALLAN DE SOLOLA""",CASER͏ CAYALl ALDEA EL TABLӎ,35923669,V̓TOR CHUMIL CHIROY,MOISES GUARCAX CHIROY,DIVERSIFICADO,PRIVADO,URBANA,ABIERTA,MONOLINGUE,MATUTINA,DIARIO(REGULAR),SOLOLA,solola,LICEO TECNOLӇICO BILING CUAUHTEMALLAN DE SOLOLA,CASER CAYALL ALDEA EL TABLӍ,35923669,MOISES GUARCAX CHIROY,VTOR CHUMIL CHIROY,SOLOLÁ,URBANA,PRIVADO,MONOLINGUE,MATUTINA,DIARIO(REGULAR)
07-01-0061-46,07-003,SOLOLA,SOLOLA,"LICEO TECNOLӇICO BILING܅ ""CUAUHTEMALLAN DE SOLOLA""",CASER͏ CAYALl ALDEA EL TABLӎ,35923669,V̓TOR CHUMIL CHIROY,MOISES GUARCAX CHIROY,DIVERSIFICADO,PRIVADO,URBANA,ABIERTA,MONOLINGUE,DOBLE,DIARIO(REGULAR),SOLOLA,solola,LICEO TECNOLӇICO BILING CUAUHTEMALLAN DE SOLOLA,CASER CAYALL ALDEA EL TABLӍ,35923669,MOISES GUARCAX CHIROY,VTOR CHUMIL CHIROY,SOLOLÁ,URBANA,PRIVADO,MONOLINGUE,DOBLE,DIARIO(REGULAR)
07-01-0096-46,07-019,SOLOLA,SOLOLA,COLEGIO MONTE SION,6A. AVENIDA 8-07 ZONA 2 BARRIO EL CALVARIO,77623832,ESTELA BEN AJCALӎ DE TUY,JOSɠDAVID TZAY PUC,DIVERSIFICADO,PRIVADO,URBANA,ABIERTA,MONOLINGUE,MATUTINA,DIARIO(REGULAR),SOLOLA,solola,COLEGIO MONTE SION,6A. AVENIDA 8-07 ZONA 2 BARRIO EL CALVARIO,77623832,JOSƓDAVID TZAY PUC,ESTELA BEN AJCALӍ DE TUY,SOLOLÁ,URBANA,PRIVADO,MONOLINGUE,MATUTINA,DIARIO(REGULAR)
07-01-0106-46,07-019,SOLOLA,SOLOLA,INSTITUTO NACIONAL DE EDUCACION DIVERSIFICADA,5TA. CALLE 0-37 BARRIO SAN ANTONIO,32442607,ESTELA BEN AJCALӎ DE TUY,LINCY MAŔ TIU GARĆ,DIVERSIFICADO,OFICIAL,URBANA,ABIERTA,MONOLINGUE,VESPERTINA,DIARIO(REGULAR),SOLOLA,solola,INSTITUTO NACIONAL DE EDUCACION DIVERSIFICADA,5TA. CALLE 0-37 BARRIO SAN ANTONIO,32442607,LINCY MAR TIU GARC,ESTELA BEN AJCALӍ DE TUY,SOLOLÁ,URBANA,OFICIAL,MONOLINGUE,VESPERTINA,DIARIO(REGULAR)
07-01-0121-46,07-004,SOLOLA,SOLOLA,CENTRO EDUCATIVO DE FORMACIӎ PROFESIONAL -CEFPRO-,"CASER͏ COXOM, ALDEA SAN JUAN ARGUETA",59356919,V̓TOR MIGUEL MENCHڠMENCHڼ/td>,ELIAS MIGUEL ROSALES TAHAY,DIVERSIFICADO,PRIVADO,RURAL,ABIERTA,MONOLINGUE,DOBLE,FIN DE SEMANA,SOLOLA,solola,CENTRO EDUCATIVO DE FORMACIӍ PROFESIONAL -CEFPRO-,"CASER COXOM, ALDEA SAN JUAN ARGUETA",59356919,ELIAS MIGUEL ROSALES TAHAY,VTOR MIGUEL MENCHڠMENCHڼTD,SOLOLÁ,RURAL,PRIVADO,MONOLINGUE,DOBLE,FIN DE SEMANA
07-01-0124-46,07-003,SOLOLA,SOLOLA,"LICEO TECNOLӇICO BILING܅ ""CUAUHTEMALLAN DE SOLOLb",CASER͏ CAYALl ALDEA EL TABLӎ,35923669,V̓TOR CHUMIL CHIROY,MOISES GUARCAX CHIROY,DIVERSIFICADO,PRIVADO,URBANA,ABIERTA,MONOLINGUE,DOBLE,FIN DE SEMANA,SOLOLA,solola,LICEO TECNOLӇICO BILING CUAUHTEMALLAN DE SOLOLA,CASER CAYALL ALDEA EL TABLӍ,35923669,MOISES GUARCAX CHIROY,VTOR CHUMIL CHIROY,SOLOLÁ,URBANA,PRIVADO,MONOLINGUE,DOBLE,FIN DE SEMANA
07-01-0144-46,07-019,SOLOLA,SOLOLA,"COLEGIO CIENTIFICO ""MONTESSORI""","9A. CALLE 8-81 ZONA 2, BARRIO EL CALVARIO",77623427,ESTELA BEN AJCALӎ DE TUY,YOVANY ISRAEL ROSALES CORZO,DIVERSIFICADO,PRIVADO,URBANA,ABIERTA,MONOLINGUE,VESPERTINA,DIARIO(REGULAR),SOLOLA,solola,COLEGIO CIENTIFICO MONTESSORI,"9A. CALLE 8-81 ZONA 2, BARRIO EL CALVARIO",77623427,YOVANY ISRAEL ROSALES CORZO,ESTELA BEN AJCALӍ DE TUY,SOLOLÁ,URBANA,PRIVADO,MONOLINGUE,VESPERTINA,DIARIO(REGULAR)
07-01-0152-46,07-003,SOLOLA,SOLOLA,"LICEO PROFESIONAL ""LAS AMERICAS""","CASER͏ CENTRAL, CANTӎ EL TABLӎ",77624703,V̓TOR CHUMIL CHIROY,CAMILIO YAXӎ COSIGU|/td>,DIVERSIFICADO,PRIVADO,RURAL,ABIERTA,MONOLINGUE,DOBLE,FIN DE SEMANA,SOLOLA,solola,LICEO PROFESIONAL LAS AMERICAS,"CASER CENTRAL, CANTӍ EL TABLӍ",77624703,CAMILIO YAXӍ COSIGUTD,VTOR CHUMIL CHIROY,SOLOLÁ,RURAL,PRIVADO,MONOLINGUE,DOBLE,FIN DE SEMANA
07-01-0158-46,07-002,SOLOLA,SOLOLA,INSTITUTO MIXTO DE EDUCACIӎ DIVERSIFICADA POR COOPERATIVA,"CASER͏ CENTRAL, ALDEA PIXABAJ",45684531,CARLOS RIGOBERTO POS TUY,SEBASTIAN TUN TUN,DIVERSIFICADO,COOPERATIVA,RURAL,ABIERTA,MONOLINGUE,VESPERTINA,DIARIO(REGULAR),SOLOLA,solola,INSTITUTO DE EDUCACION DIVERSIFICADA POR COOPERATIVA DE ENSEСNZA,"CASER CENTRAL, ALDEA PIXABAJ",45684531,SEBASTIAN TUN TUN,CARLOS RIGOBERTO POS TUY,SOLOLÁ,RURAL,COOPERATIVA,MONOLINGUE,VESPERTINA,DIARIO(REGULAR)
07-01-0162-46,07-004,SOLOLA,SOLOLA,INSTITUTO DE EDUCACIӎ DIVERSIFICADA POR COOPERATIVA CHAQUIJY|/td>,"CASER͏ COOPERATIVA, ALDEA CHAQUIJY|/td>",44554930,V̓TOR MIGUEL MENCHڠMENCHڼ/td>,V̓TOR SALOJ YAXӎ,DIVERSIFICADO,COOPERATIVA,RURAL,ABIERTA,MONOLINGUE,VESPERTINA,DIARIO(REGULAR),SOLOLA,solola,INSTITUTO DE EDUCACION DIVERSIFICADA POR COOPERATIVA DE ENSEСNZA,"CASER COOPERATIVA, ALDEA CHAQUIJYTD",44554930,VTOR SALOJ YAXӍ,VTOR MIGUEL MENCHڠMENCHڼTD,SOLOLÁ,RURAL,COOPERATIVA,MONOLINGUE,VESPERTINA,DIARIO(REGULAR)
07-01-0164-46,07-019,SOLOLA,SOLOLA,INSTITUTO TECNOLӇICO DE LA UNIVERSIDAD DEL VALLE DE GUATEMALA ALTIPLANO,"KM. 137, CASER͏ XOLBɠALDEA EL TABLӎ",79310814,ESTELA BEN AJCALӎ DE TUY,CECILIA YORDENY VICENTE ZAPETA,DIVERSIFICADO,PRIVADO,RURAL,ABIERTA,MONOLINGUE,MATUTINA,DIARIO(REGULAR),SOLOLA,solola,INSTITUTO TECNOLӇICO DE LA UNIVERSIDAD DEL VALLE DE GUATEMALA ALTIPLANO,"KILOMETRO. 137, CASER XOLBƓALDEA EL TABLӍ",79310814,CECILIA YORDENY VICENTE ZAPETA,ESTELA BEN AJCALӍ DE TUY,SOLOLÁ,RURAL,PRIVADO,MONOLINGUE,MATUTINA,DIARIO(REGULAR)
07-01-0165-46,07-019,SOLOLA,SOLOLA,ESCUELA EN CIENCIAS DE LA COMPUTACIӎ,"3RA. CALLE 1-30 ZONA 1, BARRIO SAN ANTONIO",77625180,ESTELA BEN AJCALӎ DE TUY,LUIS LEONARDO ARGUETA MOGOLLӎ,DIVERSIFICADO,PRIVADO,URBANA,ABIERTA,MONOLINGUE,DOBLE,FIN DE SEMANA,SOLOLA,solola,ESCUELA EN CIENCIAS DE LA COMPUTACIӍ,"3RA. CALLE 1-30 ZONA 1, BARRIO SAN ANTONIO",77625180,LUIS LEONARDO ARGUETA MOGOLLӍ,ESTELA BEN AJCALӍ DE TUY,SOLOLÁ,URBANA,PRIVADO,MONOLINGUE,DOBLE,FIN DE SEMANA
07-01-0166-46,07-019,SOLOLA,SOLOLA,ESCUELA EN CIENCIAS DE LA COMPUTACIӎ,"3RA. CALLE 1-30 ZONA 1, BARRIO SAN ANTONIO",77625180,ESTELA BEN AJCALӎ DE TUY,LUIS LEONARDO ARGUETA MOGOLLӎ,DIVERSIFICADO,PRIVADO,URBANA,ABIERTA,MONOLINGUE,MATUTINA,DIARIO(REGULAR),SOLOLA,solola,ESCUELA EN CIENCIAS DE LA COMPUTACIӍ,"3RA. CALLE 1-30 ZONA 1, BARRIO SAN ANTONIO",77625180,LUIS LEONARDO ARGUETA MOGOLLӍ,ESTELA BEN AJCALӍ DE TUY,SOLOLÁ,URBANA,PRIVADO,MONOLINGUE,MATUTINA,DIARIO(REGULAR)
07-01-0171-46,07-003,SOLOLA,SOLOLA,"COLEGIO DE EDUCACIӎ BSICA IMPACTO, EMPODERANDO MUJERES","KM. 137, CASER͏ XOLBE, ALDEA EL TABLӎ",32815153,V̓TOR CHUMIL CHIROY,VILMA VERONICA SALOJ CHIYAL,DIVERSIFICADO,PRIVADO,RURAL,ABIERTA,MONOLINGUE,MATUTINA,DIARIO(REGULAR),SOLOLA,solola,"COLEGIO DE EDUCACIӍ BSICA IMPACTO, EMPODERANDO MUJERES","KILOMETRO. 137, CASER XOLBE, ALDEA EL TABLӍ",32815153,VILMA VERONICA SALOJ CHIYAL,VTOR CHUMIL CHIROY,SOLOLÁ,RURAL,PRIVADO,MONOLINGUE,MATUTINA,DIARIO(REGULAR)
07-01-0174-46,07-024,SOLOLA,SOLOLA,PROGRAMA NACIONAL DE EDUCACIӎ ALTERNATIVA -PRONEA-,13AV. 3-18 BARRIO EL CARMEN,77289930,MAŔ OFELIA MUY QUICHɼ/td>,FREDY EDGAR UR͚AR RODR͇UEZ,DIVERSIFICADO,OFICIAL,URBANA,ABIERTA,MONOLINGUE,DOBLE,A DISTANCIA,SOLOLA,solola,PROGRAMA NACIONAL DE EDUCACIӍ ALTERNATIVA PRONEA,13AV. 3-18 BARRIO EL CARMEN,77289930,FREDY EDGAR URAR RODRUEZ,MAR OFELIA MUY QUICHɼTD,SOLOLÁ,URBANA,OFICIAL,MONOLINGUE,DOBLE,A DISTANCIA
07-01-0175-46,07-024,SOLOLA,SOLOLA,"""CENTRO DE EDUCACIӎ EXTRAESCOLAR -CEEX-DEPARTAMENTAL""",13 CALLE 3-18 ZONA 1,42168347,MAŔ OFELIA MUY QUICHɼ/td>,FREDY EDGAR UR͚AR RODR͇UEZ,DIVERSIFICADO,OFICIAL,URBANA,ABIERTA,MONOLINGUE,DOBLE,SEMIPRESENCIAL,SOLOLA,solola,CENTRO DE EDUCACIӍ EXTRAESCOLAR -CEEX- DEPARTAMENTAL,13 CALLE 3-18 ZONA 1,42168347,FREDY EDGAR URAR RODRUEZ,MAR OFELIA MUY QUICHɼTD,SOLOLÁ,URBANA,OFICIAL,MONOLINGUE,DOBLE,SEMIPRESENCIAL
07-01-0181-46,07-003,SOLOLA,SOLOLA,"LICEO PROFESIONAL ""LAS AMERICAS""","CASER͏ CENTRAL, CANTӎ EL TABLӎ",77623985,V̓TOR CHUMIL CHIROY,CAMILIO YAXӎ COSIGU|/td>,DIVERSIFICADO,PRIVADO,RURAL,ABIERTA,MONOLINGUE,SIN JORNADA,SEMIPRESENCIAL (UN D́ A LA SEMANA),SOLOLA,solola,LICEO PROFESIONAL LAS AMERICAS,"CASER CENTRAL, CANTӍ EL TABLӍ",77623985,CAMILIO YAXӍ COSIGUTD,VTOR CHUMIL CHIROY,SOLOLÁ,RURAL,PRIVADO,MONOLINGUE,SIN JORNADA,SEMIPRESENCIAL (UN D A LA SEMANA)
07-01-0184-46,07-004,SOLOLA,SOLOLA,CENTRO EDUCATIVO DE FORMACIӎ PROFESIONAL -CEFPRO-,"CASER͏ COXOM, ALDEA SAN JUAN ARGUETA",33007964,V̓TOR MIGUEL MENCHڠMENCHڼ/td>,ELIAS MIGUEL ROSALES TAHAY,DIVERSIFICADO,PRIVADO,RURAL,ABIERTA,MONOLINGUE,SIN JORNADA,SEMIPRESENCIAL (FIN DE SEMANA),SOLOLA,solola,CENTRO EDUCATIVO DE FORMACIӍ PROFESIONAL -CEFPRO-,"CASER COXOM, ALDEA SAN JUAN ARGUETA",33007964,ELIAS MIGUEL ROSALES TAHAY,VTOR MIGUEL MENCHڠMENCHڼTD,SOLOLÁ,RURAL,PRIVADO,MONOLINGUE,SIN JORNADA,SEMIPRESENCIAL (FIN DE SEMANA)
07-01-0195-46,07-019,SOLOLA,SOLOLA,CENTRO EDUCATIVO INTERCULTURAL PARA EL DESARROLLO COMUNITARIO CEIDECO,5AV. 2-28 ZONA 1 BARRIO SAN ANTONIO,55629690,ESTELA BEN AJCALӎ DE TUY,VILMA JEANNETTE PAR GIRӎ,DIVERSIFICADO,PRIVADO,URBANA,ABIERTA,MONOLINGUE,SIN JORNADA,SEMIPRESENCIAL (FIN DE SEMANA),SOLOLA,solola,CENTRO EDUCATIVO INTERCULTURAL PARA EL DESARROLLO COMUNITARIO CEIDECO,5AV. 2-28 ZONA 1 BARRIO SAN ANTONIO,55629690,VILMA JEANNETTE PAR GIRӍ,ESTELA BEN AJCALӍ DE TUY,SOLOLÁ,URBANA,PRIVADO,MONOLINGUE,SIN JORNADA,SEMIPRESENCIAL (FIN DE SEMANA)
07-01-0198-46,07-019,SOLOLA,SOLOLA,"INSTITUTO PRIVADO URBANO MIXTO ""SOLOLb",6TA. AVENIDA 6-37 BARRIO EL CALVARIO ZONA 2,77623103,ESTELA BEN AJCALӎ DE TUY,PATRICIA ROC͏ SAMAYOA MALDONADO,DIVERSIFICADO,PRIVADO,URBANA,ABIERTA,MONOLINGUE,SIN JORNADA,SEMIPRESENCIAL (UN D́ A LA SEMANA),SOLOLA,solola,INSTITUTO PRIVADO URBANO MIXTO LIBERACION,6TA. AVENIDA 6-37 BARRIO EL CALVARIO ZONA 2,77623103,PATRICIA ROC SAMAYOA MALDONADO,ESTELA BEN AJCALӍ DE TUY,SOLOLÁ,URBANA,PRIVADO,MONOLINGUE,SIN JORNADA,SEMIPRESENCIAL (UN D A LA SEMANA)
07-01-0200-46,07-019,SOLOLA,SOLOLA,CENTRO EDUCATIVO DE FORMACIӎ TɃNICA -CEFTEC-,"6 AVENIDA 13-60 ZONA 1, BARRIO EL CARMEN",58255240,ESTELA BEN AJCALӎ DE TUY,ISRAɌ CHOCOJ YAC,DIVERSIFICADO,PRIVADO,URBANA,ABIERTA,MONOLINGUE,SIN JORNADA,SEMIPRESENCIAL (UN D́ A LA SEMANA),SOLOLA,solola,CENTRO EDUCATIVO DE FORMACIӍ TɃNICA -CEFTEC-,"6 AVENIDA 13-60 ZONA 1, BARRIO EL CARMEN",58255240,ISRAɌ CHOCOJ YAC,ESTELA BEN AJCALӍ DE TUY,SOLOLÁ,URBANA,PRIVADO,MONOLINGUE,SIN JORNADA,SEMIPRESENCIAL (UN D A LA SEMANA)
07-01-0499-46,07-019,SOLOLA,SOLOLA,ESCUELA NACIONAL DE CIENCIAS COMERCIALES,13 CALLE Y 5TA. AVENIDA ESQUINA ZONA 1,55348935,ESTELA BEN AJCALӎ DE TUY,RAMIRO PANJOJ BULUX,DIVERSIFICADO,OFICIAL,URBANA,ABIERTA,MONOLINGUE,VESPERTINA,DIARIO(REGULAR),SOLOLA,solola,ESCUELA NACIONAL DE CIENCIAS COMERCIALES,13 CALLE Y 5TA. AVENIDA ESQUINA ZONA 1,55348935,RAMIRO PANJOJ BULUX,ESTELA BEN AJCALӍ DE TUY,SOLOLÁ,URBANA,OFICIAL,MONOLINGUE,VESPERTINA,DIARIO(REGULAR)
07-01-0500-46,07-019,SOLOLA,SOLOLA,ESCUELA NORMAL PRIVADA,13 CALLE FINAL ZONA 1 COLONIA MIRALINDA,77624433,ESTELA BEN AJCALӎ DE TUY,JORGE MARIO ZELADA SNCHEZ,DIVERSIFICADO,PRIVADO,URBANA,ABIERTA,MONOLINGUE,VESPERTINA,DIARIO(REGULAR),SOLOLA,solola,ESCUELA NORMAL PRIVADA,13 CALLE FINAL ZONA 1 COLONIA MIRALINDA,77624433,JORGE MARIO ZELADA SNCHEZ,ESTELA BEN AJCALӍ DE TUY,SOLOLÁ,URBANA,PRIVADO,MONOLINGUE,VESPERTINA,DIARIO(REGULAR)
07-01-0577-46,07-019,SOLOLA,SOLOLA,"COLEGIO ""INTEGRAL SOLOLATECO""","6TA. AVENIDA 6-37 ZONA 2, BARRIO EL CALVARIO",77623709,ESTELA BEN AJCALӎ DE TUY,ELSA JEANETT SNCHEZ SOTO,DIVERSIFICADO,PRIVADO,URBANA,ABIERTA,BILINGUE,VESPERTINA,DIARIO(REGULAR),SOLOLA,solola,COLEGIO INTEGRAL SOLOLATECO,"6TA. AVENIDA 6-37 ZONA 2, BARRIO EL CALVARIO",77623709,ELSA JEANETT SNCHEZ SOTO,ESTELA BEN AJCALӍ DE TUY,SOLOLÁ,URBANA,PRIVADO,BILINGUE,VESPERTINA,DIARIO(REGULAR)
07-01-0691-46,07-019,SOLOLA,SOLOLA,"COLEGIO PRIVADO URBANO PARA VARONES ""ATITLN""",13 CALLE 03-19 ZONA 1 BARRIO EL CARMEN,77623319,ESTELA BEN AJCALӎ DE TUY,FRANCISCO ROLANDO ALVARADO RECINOS,DIVERSIFICADO,PRIVADO,URBANA,ABIERTA,MONOLINGUE,VESPERTINA,DIARIO(REGULAR),SOLOLA,solola,COLEGIO PRIVADO URBANO PARA VARONES ATITLN,13 CALLE 03-19 ZONA 1 BARRIO EL CARMEN,77623319,FRANCISCO ROLANDO ALVARADO RECINOS,ESTELA BEN AJCALӍ DE TUY,SOLOLÁ,URBANA,PRIVADO,MONOLINGUE,VESPERTINA,DIARIO(REGULAR)
07-01-0693-46,07-004,SOLOLA,SOLOLA,"INSTITUTO DE CIENCIAS COMERCIALES POR COOPERATIVA RURAL MIXTO ""SAN JUAN BAUTISTA""",ALDEA SAN JUAN ARGUETA,40579014,V̓TOR MIGUEL MENCHڠMENCHڼ/td>,WILMER GABRIEL MENCHڠAJPACAJ|/td>,DIVERSIFICADO,COOPERATIVA,RURAL,ABIERTA,BILINGUE,VESPERTINA,DIARIO(REGULAR),SOLOLA,solola,INSTITUTO DE CIENCIAS COMERCIALES POR COOPERATIVA RURAL MIXTO SAN JUAN BAUTISTA,ALDEA SAN JUAN ARGUETA,40579014,WILMER GABRIEL MENCHڠAJPACAJTD,VTOR MIGUEL MENCHڠMENCHڼTD,SOLOLÁ,RURAL,COOPERATIVA,BILINGUE,VESPERTINA,DIARIO(REGULAR)
07-01-2483-46,07-019,SOLOLA,SOLOLA,ESCUELA EN CIENCIAS DE LA COMPUTACIӎ,"3A. CALLE 1-30 ZONA 1, BARRIO SAN ANTONIO",58343319,ESTELA BEN AJCALӎ DE TUY,LUIS LEONARDO ARGUETA MOGOLLӎ,DIVERSIFICADO,PRIVADO,URBANA,ABIERTA,MONOLINGUE,DOBLE,DIARIO(REGULAR),SOLOLA,solola,ESCUELA EN CIENCIAS DE LA COMPUTACIӍ,"3A. CALLE 1-30 ZONA 1, BARRIO SAN ANTONIO",58343319,LUIS LEONARDO ARGUETA MOGOLLӍ,ESTELA BEN AJCALӍ DE TUY,SOLOLÁ,URBANA,PRIVADO,MONOLINGUE,DOBLE,DIARIO(REGULAR)
07-01-2568-46,07-019,SOLOLA,SOLOLA,COLEGIO MONTE SION,6A. AVENIDA 8-07 ZONA 2 BARRIO EL CALVARIO,77623832,ESTELA BEN AJCALӎ DE TUY,JOSɠDAVID TZAY PUC,DIVERSIFICADO,PRIVADO,URBANA,ABIERTA,MONOLINGUE,VESPERTINA,DIARIO(REGULAR),SOLOLA,solola,COLEGIO MONTE SION,6A. AVENIDA 8-07 ZONA 2 BARRIO EL CALVARIO,77623832,JOSƓDAVID TZAY PUC,ESTELA BEN AJCALӍ DE TUY,SOLOLÁ,URBANA,PRIVADO,MONOLINGUE,VESPERTINA,DIARIO(REGULAR)
07-01-2702-46,07-003,SOLOLA,SOLOLA,CENTRO EDUCATIVO COMUNITARIO MAYA' TIJOB'Č TZ'OLOJYA',"CASER͏ CENTRAL, ALDEA EL TABLӎ",77624283,V̓TOR CHUMIL CHIROY,SANTIAGO PANJOJ TUY,DIVERSIFICADO,PRIVADO,RURAL,ABIERTA,BILINGUE,VESPERTINA,DIARIO(REGULAR),SOLOLA,solola,CENTRO EDUCATIVO COMUNITARIO MAYA TIJOBČ TZOLOJYA,"CASER CENTRAL, ALDEA EL TABLӍ",77624283,SANTIAGO PANJOJ TUY,VTOR CHUMIL CHIROY,SOLOLÁ,RURAL,PRIVADO,BILINGUE,VESPERTINA,DIARIO(REGULAR)
07-01-2767-46,07-019,SOLOLA,SOLOLA,ESCUELA NORMAL DE EDUCACIӎ F͓ICA,5A. AVENIDA 2-28 ZONA 1,77625207,ESTELA BEN AJCALӎ DE TUY,JUANA NICOLASA TZOR͎ ORDӑEZ,DIVERSIFICADO,OFICIAL,URBANA,ABIERTA,MONOLINGUE,DOBLE,DIARIO(REGULAR),SOLOLA,solola,ESCUELA NORMAL DE EDUCACION FISICA,5A. AVENIDA 2-28 ZONA 1,77625207,JUANA NICOLASA TZOR ORDӐEZ,ESTELA BEN AJCALӍ DE TUY,SOLOLÁ,URBANA,OFICIAL,MONOLINGUE,DOBLE,DIARIO(REGULAR)
07-01-2768-46,07-019,SOLOLA,SOLOLA,INSTITUTO TECNOLOGICO DE LA UNIVERSIDAD DEL VALLE DE GUATEMALA ALTIPLANO,"KM. 137, CASER͏ XOLBɠALDEA EL TABLӎ",79310814,ESTELA BEN AJCALӎ DE TUY,CECILIA YORDENY VICENTE ZAPETA,DIVERSIFICADO,PRIVADO,RURAL,ABIERTA,MONOLINGUE,DOBLE,DIARIO(REGULAR),SOLOLA,solola,INSTITUTO TECNOLӇICO DE LA UNIVERSIDAD DEL VALLE DE GUATEMALA ALTIPLANO,"KILOMETRO. 137, CASER XOLBƓALDEA EL TABLӍ",79310814,CECILIA YORDENY VICENTE ZAPETA,ESTELA BEN AJCALӍ DE TUY,SOLOLÁ,RURAL,PRIVADO,MONOLINGUE,DOBLE,DIARIO(REGULAR)
07-02-0006-46,07-005,SOLOLA,SAN JOSE CHACAYA,INSTITUTO NACIONAL DE EDUCACIӎ DIVERSIFICADA,"ZONA 0, SECTOR CENTRO",50905091,JUSTO SANTIAGO PONCIO Pڼ/td>,ZOILA ELIZABETH CU`AJڼ/td>,DIVERSIFICADO,OFICIAL,URBANA,ABIERTA,MONOLINGUE,MATUTINA,DIARIO(REGULAR),SOLOLA,solola,INSTITUTO NACIONAL DE EDUCACION DIVERSIFICADA,"ZONA 0, SECTOR CENTRO",50905091,ZOILA ELIZABETH CUAJڼTD,JUSTO SANTIAGO PONCIO PڼTD,SAN JOSE CHACAYA,URBANA,OFICIAL,MONOLINGUE,MATUTINA,DIARIO(REGULAR)
07-03-0002-46,07-014,SOLOLA,SANTA MARIA VISITACION,INSTITUTO NACIONAL DE EDUCACION DIVERSIFICADA,SECTOR SUR,41787615,FRANCISCO AARӎ MATUL MɎDEZ,GLADIS NOHEM͠MORENO GӍEZ,DIVERSIFICADO,OFICIAL,URBANA,ABIERTA,MONOLINGUE,VESPERTINA,DIARIO(REGULAR),SOLOLA,solola,INSTITUTO NACIONAL DE EDUCACION DIVERSIFICADA,SECTOR SUR,41787615,GLADIS NOHEMMORENO GӍEZ,FRANCISCO AARӍ MATUL MɎDEZ,SANTA MARIA VISITACION,URBANA,OFICIAL,MONOLINGUE,VESPERTINA,DIARIO(REGULAR)
07-03-0008-46,07-014,SOLOLA,SANTA MARIA VISITACION,"""INSTITUTO TɃNICO CIENT͆ICO INTERCULTURAL -ITECI-""",SANTA MAŔ VISITACIӎ,58542494,FRANCISCO AARӎ MATUL MɎDEZ,EDWIN EFRA͎ PUC DIONISIO,DIVERSIFICADO,OFICIAL,URBANA,ABIERTA,MONOLINGUE,MATUTINA,DIARIO(REGULAR),SOLOLA,solola,INSTITUTO TɃNICO CIENTICO INTERCULTURAL -ITECI-,SANTA MAR VISITACIӍ,58542494,EDWIN EFRA PUC DIONISIO,FRANCISCO AARӍ MATUL MɎDEZ,SANTA MARIA VISITACION,URBANA,OFICIAL,MONOLINGUE,MATUTINA,DIARIO(REGULAR)
07-03-2928-46,07-014,SOLOLA,SANTA MARIA VISITACION,CENTRO EDUCATIVO COMUNITARIO INTERCULTURAL POR MADUREZ CECIM,EDIFICIO DEL INSTITUTO LA SALLE ENTRADA PRINCIPAL,57274128,FRANCISCO AARӎ MATUL MɎDEZ,VICTOR QUICHɠAJCHɼ/td>,DIVERSIFICADO,PRIVADO,URBANA,ABIERTA,MONOLINGUE,DOBLE,FIN DE SEMANA,SOLOLA,solola,CENTRO EDUCATIVO COMUNITARIO INTERCULTURAL POR MADUREZ CECIM,EDIFICIO DEL INSTITUTO LA SALLE ENTRADA PRINCIPAL,57274128,VICTOR QUICHƓAJCHɼTD,FRANCISCO AARӍ MATUL MɎDEZ,SANTA MARIA VISITACION,URBANA,PRIVADO,MONOLINGUE,DOBLE,FIN DE SEMANA
07-04-0008-46,07-006,SOLOLA,SANTA LUCIA UTATLAN,COLEGIO PRIVADO DR. JORGE ROMERO IMERY,"BARRIO ""EL ROSARIO""",77221518,LESTER FRANCISCO PUAC COCHOY,MARCOS JOSUɠAQUINO NORIEGA,DIVERSIFICADO,PRIVADO,URBANA,ABIERTA,MONOLINGUE,MATUTINA,DIARIO(REGULAR),SOLOLA,solola,COLEGIO PRIVADO DR. JORGE ROMERO IMERY,BARRIO EL ROSARIO,77221518,MARCOS JOSUƓAQUINO NORIEGA,LESTER FRANCISCO PUAC COCHOY,SANTA LUCIA UTATLAN,URBANA,PRIVADO,MONOLINGUE,MATUTINA,DIARIO(REGULAR)
07-04-0023-46,07-006,SOLOLA,SANTA LUCIA UTATLAN,INSTITUTO NACIONAL DE EDUCACIӎ DIVERSIFICADA,SANTA LUĆ UTATLN,33567108,LESTER FRANCISCO PUAC COCHOY,GLENDY HAIDALY PIXABAJ GODOY,DIVERSIFICADO,OFICIAL,URBANA,ABIERTA,MONOLINGUE,MATUTINA,DIARIO(REGULAR),SOLOLA,solola,INSTITUTO NACIONAL DE EDUCACION DIVERSIFICADA,SANTA LUC UTATLN,33567108,GLENDY HAIDALY PIXABAJ GODOY,LESTER FRANCISCO PUAC COCHOY,SANTA LUCIA UTATLAN,URBANA,OFICIAL,MONOLINGUE,MATUTINA,DIARIO(REGULAR)
07-04-0041-46,07-032,SOLOLA,SANTA LUCIA UTATLAN,ESCUELA NORMAL REGIONAL DE OCCIDENTE,"PARCELAMIENTO EL MOLINO SAN PEDRO, CANTON CHUCHEXIC",78234597,MOISɓ ISRAEL SAQU̓ JOJ,MOISES MARIANO SAY SOL͓,DIVERSIFICADO,OFICIAL,RURAL,ABIERTA,MONOLINGUE,MATUTINA,DIARIO(REGULAR),SOLOLA,solola,ESCUELA NORMAL REGIONAL DE OCCIDENTE,"PARCELAMIENTO EL MOLINO SAN PEDRO, CANTON CHUCHEXIC",78234597,MOISES MARIANO SAY SOL,MOISƁ ISRAEL SAQU JOJ,SANTA LUCIA UTATLAN,RURAL,OFICIAL,MONOLINGUE,MATUTINA,DIARIO(REGULAR)
07-04-0042-46,07-032,SOLOLA,SANTA LUCIA UTATLAN,ESCUELA NORMAL REGIONAL DE OCCIDENTE,"CANTӎ CHUCHEXIC, PARCELAMIENTO EL MOLINO SAN PEDRO",78234597,MOISɓ ISRAEL SAQU̓ JOJ,MOISES MARIANO SAY SOL͓,DIVERSIFICADO,OFICIAL,RURAL,ABIERTA,MONOLINGUE,DOBLE,DIARIO(REGULAR),SOLOLA,solola,ESCUELA NORMAL REGIONAL DE OCCIDENTE,"CANTӍ CHUCHEXIC, PARCELAMIENTO EL MOLINO SAN PEDRO",78234597,MOISES MARIANO SAY SOL,MOISƁ ISRAEL SAQU JOJ,SANTA LUCIA UTATLAN,RURAL,OFICIAL,MONOLINGUE,DOBLE,DIARIO(REGULAR)
07-04-0091-46,07-032,SOLOLA,SANTA LUCIA UTATLAN,ESCUELA NORMAL REGIONAL DE OCCIDENTE,CANTON CHUCHEXIC PARCELAMIENTO EL MOLINO SAN PEDRO,78234597,MOISɓ ISRAEL SAQU̓ JOJ,MOISES MARIANO SAY SOL͓,DIVERSIFICADO,OFICIAL,RURAL,ABIERTA,BILINGUE,DOBLE,DIARIO(REGULAR),SOLOLA,solola,ESCUELA NORMAL REGIONAL DE OCCIDENTE,CANTON CHUCHEXIC PARCELAMIENTO EL MOLINO SAN PEDRO,78234597,MOISES MARIANO SAY SOL,MOISƁ ISRAEL SAQU JOJ,SANTA LUCIA UTATLAN,RURAL,OFICIAL,BILINGUE,DOBLE,DIARIO(REGULAR)
07-04-2766-46,07-006,SOLOLA,SANTA LUCIA UTATLAN,ESCUELA NORMAL INFANTIL BILINGUE ADSCRITA A LA NORMAL REGIONAL DE OCCIDENTE ENRO,FINCA MOLINO SAN PEDRO,78234597,LESTER FRANCISCO PUAC COCHOY,MARIO ANSELMO TUJ CHOCOY,DIVERSIFICADO,OFICIAL,RURAL,ABIERTA,BILINGUE,DOBLE,DIARIO(REGULAR),SOLOLA,solola,ESCUELA NORMAL INFANTIL BILINGUE ADSCRITA A LA NORMAL REGIONAL DE OCCIDENTE ENRO,FINCA MOLINO SAN PEDRO,78234597,MARIO ANSELMO TUJ CHOCOY,LESTER FRANCISCO PUAC COCHOY,SANTA LUCIA UTATLAN,RURAL,OFICIAL,BILINGUE,DOBLE,DIARIO(REGULAR)
07-04-3030-46,07-006,SOLOLA,SANTA LUCIA UTATLAN,COLEGIO PRIVADO DR. JORGE ROMERO IMERY,"BARRIO ""EL ROSARIO""",77221518,LESTER FRANCISCO PUAC COCHOY,MARCOS JOSUɠAQUINO NORIEGA,DIVERSIFICADO,PRIVADO,URBANA,ABIERTA,MONOLINGUE,VESPERTINA,DIARIO(REGULAR),SOLOLA,solola,COLEGIO PRIVADO DR. JORGE ROMERO IMERY,BARRIO EL ROSARIO,77221518,MARCOS JOSUƓAQUINO NORIEGA,LESTER FRANCISCO PUAC COCHOY,SANTA LUCIA UTATLAN,URBANA,PRIVADO,MONOLINGUE,VESPERTINA,DIARIO(REGULAR)
07-04-3085-46,07-006,SOLOLA,SANTA LUCIA UTATLAN,COLEGIO Q UMARKAJ,"PARAJE CRUZ B, CANTӎ PAHAJ",41011018,LESTER FRANCISCO PUAC COCHOY,ALLAN MAGDIEL GODOY VSQUEZ,DIVERSIFICADO,PRIVADO,RURAL,ABIERTA,MONOLINGUE,VESPERTINA,DIARIO(REGULAR),SOLOLA,solola,COLEGIO Q UMARKAJ,"PARAJE CRUZ B, CANTӍ PAHAJ",41011018,ALLAN MAGDIEL GODOY VSQUEZ,LESTER FRANCISCO PUAC COCHOY,SANTA LUCIA UTATLAN,RURAL,PRIVADO,MONOLINGUE,VESPERTINA,DIARIO(REGULAR)
07-05-0053-46,07-007,SOLOLA,NAHUALA,INSTITUTO NACIONAL DE EDUCACION DIVERSIFICADA,1RA. AVENIDA A-062 ZONA 3,30694648,DAVID FERNANDO PAZ LOPEZ,DANIEL TZEP CHAVEZ,DIVERSIFICADO,OFICIAL,URBANA,ABIERTA,MONOLINGUE,VESPERTINA,DIARIO(REGULAR),SOLOLA,solola,INSTITUTO NACIONAL DE EDUCACION DIVERSIFICADA,1RA. AVENIDA A-062 ZONA 3,30694648,DANIEL TZEP CHAVEZ,DAVID FERNANDO PAZ LOPEZ,NAHUALA,URBANA,OFICIAL,MONOLINGUE,VESPERTINA,DIARIO(REGULAR)
07-05-0204-46,07-007,SOLOLA,NAHUALA,"INSTITUTO COMUNITARIO DE CIENCIAS COMERCIALES ""EL ALTIPLANO""",CASER͏ CHUANAHUAL|/td>,52803917,DAVID FERNANDO PAZ LOPEZ,DIEGO VICTOR JAMINEZ TUM,DIVERSIFICADO,PRIVADO,RURAL,ABIERTA,MONOLINGUE,MATUTINA,DIARIO(REGULAR),SOLOLA,solola,INSTITUTO COMUNITARIO DE CIENCIAS COMERCIALES EL ALTIPLANO,CASER CHUANAHUALTD,52803917,DIEGO VICTOR JAMINEZ TUM,DAVID FERNANDO PAZ LOPEZ,NAHUALA,RURAL,PRIVADO,MONOLINGUE,MATUTINA,DIARIO(REGULAR)
07-05-0208-46,07-007,SOLOLA,NAHUALA,INSTITUTO DE EDUCACIӎ DIVERSIFICADA POR COOPERATIVA DE ENSEсNZA,ALDEA PACHUTIQUIM,45520527,DAVID FERNANDO PAZ LOPEZ,DIEGO BERNARDO IXMAT`TZIQU͎,DIVERSIFICADO,COOPERATIVA,RURAL,ABIERTA,MONOLINGUE,VESPERTINA,DIARIO(REGULAR),SOLOLA,solola,INSTITUTO DE EDUCACION DIVERSIFICADA POR COOPERATIVA DE ENSEСNZA,ALDEA PACHUTIQUIM,45520527,DIEGO BERNARDO IXMATTZIQU,DAVID FERNANDO PAZ LOPEZ,NAHUALA,RURAL,COOPERATIVA,MONOLINGUE,VESPERTINA,DIARIO(REGULAR)
07-05-0210-46,07-007,SOLOLA,NAHUALA,"INSTITUTO MIXTO DE EDUCACIӎ DIVERSIFICADA POR COOPERATIVA ""MAYA NA OJ""",CANTӎ CHIQUIX,30062219,DAVID FERNANDO PAZ LOPEZ,FELIPE TAMBRIZ TAMBRIZ,DIVERSIFICADO,COOPERATIVA,RURAL,ABIERTA,MONOLINGUE,MATUTINA,DIARIO(REGULAR),SOLOLA,solola,INSTITUTO MIXTO DE EDUCACION DIVERSIFICADA POR COOPERATIVA,CANTӍ CHIQUIX,30062219,FELIPE TAMBRIZ TAMBRIZ,DAVID FERNANDO PAZ LOPEZ,NAHUALA,RURAL,COOPERATIVA,MONOLINGUE,MATUTINA,DIARIO(REGULAR)
07-05-0271-46,07-009,SOLOLA,NAHUALA,"CENTRO EDUCATIVO ""SANTIAGO DE LA ASUNCIӎ"" FE Y ALEGŔ NO. 51",CARRETERA PRINCIPAL ENTRADA A LA ALDEA XEJUYUP,30331256,MANUEL CHOVӎ GUACHIAC,MIGUEL SAC CHOX,DIVERSIFICADO,PRIVADO,RURAL,ABIERTA,MONOLINGUE,VESPERTINA,DIARIO(REGULAR),SOLOLA,solola,CENTRO EDUCATIVO SANTIAGO DE LA ASUNCIӍ FE Y ALEGR NO. 51,CARRETERA PRINCIPAL ENTRADA A LA ALDEA XEJUYUP,30331256,MIGUEL SAC CHOX,MANUEL CHOVӍ GUACHIAC,NAHUALA,RURAL,PRIVADO,MONOLINGUE,VESPERTINA,DIARIO(REGULAR)
07-05-2019-46,07-007,SOLOLA,NAHUALA,INSTITUTO MIXTO OXLAJUJ NO'J,CASER͏ CHUANAHUAL|/td>,53315919,DAVID FERNANDO PAZ LOPEZ,MANUEL ESQUIPULAS TZOC IXMAT|/td>,DIVERSIFICADO,PRIVADO,URBANA,ABIERTA,BILINGUE,VESPERTINA,DIARIO(REGULAR),SOLOLA,solola,INSTITUTO MIXTO OXLAJUJ NOJ,CASER CHUANAHUALTD,53315919,MANUEL ESQUIPULAS TZOC IXMATTD,DAVID FERNANDO PAZ LOPEZ,NAHUALA,URBANA,PRIVADO,BILINGUE,VESPERTINA,DIARIO(REGULAR)
07-05-2022-46,07-007,SOLOLA,NAHUALA,INSTITUTO COMUNITARIO DE CIENCIAS COMERCIALES EL ALTIPLANO,NAHUALA,52803917,DAVID FERNANDO PAZ LOPEZ,DIEGO VICTOR JAMINEZ TUM,DIVERSIFICADO,PRIVADO,URBANA,ABIERTA,MONOLINGUE,VESPERTINA,DIARIO(REGULAR),SOLOLA,solola,INSTITUTO COMUNITARIO DE CIENCIAS COMERCIALES EL ALTIPLANO,NAHUALA,52803917,DIEGO VICTOR JAMINEZ TUM,DAVID FERNANDO PAZ LOPEZ,NAHUALA,URBANA,PRIVADO,MONOLINGUE,VESPERTINA,DIARIO(REGULAR)
07-06-0036-46,07-008,SOLOLA,SANTA CATARINA IXTAHUACAN,INSTITUTO NACIONAL DE EDUCACIӎ DIVERSIFICADA,BARRIO EL CALVARIO,48873442,MAXIMILIANO LӐEZ CRISTOBAL,IRMA YANET TAMBRIZ CHOX,DIVERSIFICADO,OFICIAL,URBANA,ABIERTA,MONOLINGUE,MATUTINA,DIARIO(REGULAR),SOLOLA,solola,INSTITUTO NACIONAL DE EDUCACION DIVERSIFICADA,BARRIO EL CALVARIO,48873442,IRMA YANET TAMBRIZ CHOX,MAXIMILIANO LӐEZ CRISTOBAL,SANTA CATARINA IXTAHUACAN,URBANA,OFICIAL,MONOLINGUE,MATUTINA,DIARIO(REGULAR)
07-06-0084-46,07-008,SOLOLA,SANTA CATARINA IXTAHUACAN,"ESCUELA NACIONAL DE CIENCIAS COMERCIALES ""DR. JUAN JOSɠARɖALO BERMEJO""",ALDEA CHIRIJOX,33239433,MAXIMILIANO LӐEZ CRISTOBAL,PATRICIA TAMBRIZ Y TAMBRIZ,DIVERSIFICADO,OFICIAL,RURAL,ABIERTA,MONOLINGUE,VESPERTINA,DIARIO(REGULAR),SOLOLA,solola,ESCUELA NACIONAL DE CIENCIAS COMERCIALES DR. JUAN JOSƓARƉALO BERMEJO,ALDEA CHIRIJOX,33239433,PATRICIA TAMBRIZ Y TAMBRIZ,MAXIMILIANO LӐEZ CRISTOBAL,SANTA CATARINA IXTAHUACAN,RURAL,OFICIAL,MONOLINGUE,VESPERTINA,DIARIO(REGULAR)
07-06-0098-46,07-018,SOLOLA,SANTA CATARINA IXTAHUACAN,"INSTITUTO NACIONAL DE EDUCACIӎ DIVERSIFICADA ""DON PASCUAL TAMBRIZ TZEP""",ALDEA LA CEIBA,57181585,IDELFONSO JERӎIMO AMBROCIO TAMBRIZ,JUSTO ELISEO QUIVAJ`CHUC,DIVERSIFICADO,OFICIAL,RURAL,ABIERTA,MONOLINGUE,VESPERTINA,DIARIO(REGULAR),SOLOLA,solola,INSTITUTO NACIONAL DE EDUCACIӍ DIVERSIFICADA DON PASCUAL TAMBRIZ TZEP,ALDEA LA CEIBA,57181585,JUSTO ELISEO QUIVAJCHUC,IDELFONSO JERӍIMO AMBROCIO TAMBRIZ,SANTA CATARINA IXTAHUACAN,RURAL,OFICIAL,MONOLINGUE,VESPERTINA,DIARIO(REGULAR)
07-06-0099-46,07-031,SOLOLA,SANTA CATARINA IXTAHUACAN,INSTITUTO DIVERSIFICADO NORMAL MIXTO POR COOPERATIVA K'AK AQ'AB'AL,ANTIGUA SANTA CATARINA IXTAHUACAN,41745441,JUAN ROBERTO AJPACAJ`GUACHIAC,JUAN ROBERTO AJPACAJ`GUACHIAC,DIVERSIFICADO,COOPERATIVA,RURAL,ABIERTA,MONOLINGUE,VESPERTINA,DIARIO(REGULAR),SOLOLA,solola,INSTITUTO DIVERSIFICADO NORMAL MIXTO POR COOPERATIVA KAK AQABAL,ANTIGUA SANTA CATARINA IXTAHUACAN,41745441,JUAN ROBERTO AJPACAJGUACHIAC,JUAN ROBERTO AJPACAJGUACHIAC,SANTA CATARINA IXTAHUACAN,RURAL,COOPERATIVA,MONOLINGUE,VESPERTINA,DIARIO(REGULAR)
07-06-0101-46,07-018,SOLOLA,SANTA CATARINA IXTAHUACAN,"INSTITUTO NACIONAL DE EDUCACIӎ DIVERSIFICADA ""DON PASCUAL TAMBRIZ TZEP""",ALDEA LA CEIBA,57181585,IDELFONSO JERӎIMO AMBROCIO TAMBRIZ,JUSTO ELISEO QUIVAJ`CHUC,DIVERSIFICADO,OFICIAL,RURAL,ABIERTA,BILINGUE,VESPERTINA,DIARIO(REGULAR),SOLOLA,solola,INSTITUTO NACIONAL DE EDUCACIӍ DIVERSIFICADA DON PASCUAL TAMBRIZ TZEP,ALDEA LA CEIBA,57181585,JUSTO ELISEO QUIVAJCHUC,IDELFONSO JERӍIMO AMBROCIO TAMBRIZ,SANTA CATARINA IXTAHUACAN,RURAL,OFICIAL,BILINGUE,VESPERTINA,DIARIO(REGULAR)
07-06-0146-46,07-009,SOLOLA,SANTA CATARINA IXTAHUACAN,"CENTRO EDUCATIVO ""RI UTZIL FE Y ALEGŔ"" NO. 42",CASERIO PASAQUIJUYUP,30328268,MANUEL CHOVӎ GUACHIAC,MANUEL GUARCHAJ TZAPUT,DIVERSIFICADO,PRIVADO,RURAL,ABIERTA,MONOLINGUE,VESPERTINA,DIARIO(REGULAR),SOLOLA,solola,CENTRO EDUCATIVO RI UTZIL FE Y ALEGR NO. 42,CASERIO PASAQUIJUYUP,30328268,MANUEL GUARCHAJ TZAPUT,MANUEL CHOVӍ GUACHIAC,SANTA CATARINA IXTAHUACAN,RURAL,PRIVADO,MONOLINGUE,VESPERTINA,DIARIO(REGULAR)
07-06-0584-46,07-008,SOLOLA,SANTA CATARINA IXTAHUACAN,"INSTITUTO COMUNITARIO ""PARAISO MAYA""",BARRIO CALVARIO,30652376,MAXIMILIANO LӐEZ CRISTOBAL,FRANCISCO CECILIO AJPACAJA,DIVERSIFICADO,PRIVADO,URBANA,ABIERTA,BILINGUE,VESPERTINA,DIARIO(REGULAR),SOLOLA,solola,INSTITUTO COMUNITARIO PARAISO MAYA,BARRIO CALVARIO,30652376,FRANCISCO CECILIO AJPACAJA,MAXIMILIANO LӐEZ CRISTOBAL,SANTA CATARINA IXTAHUACAN,URBANA,PRIVADO,BILINGUE,VESPERTINA,DIARIO(REGULAR)
07-07-0013-46,07-016,SOLOLA,SANTA CLARA LA LAGUNA,INSTITUTO NACIONAL DE EDUCACIӎ DIVERSIFICADA,ESCUELA OFICIAL URBANA MIXTA NO. 2,54285944,ENRIQUE RAFAEL CHIYAL TӼ/td>,MARIO SAMUEL COTUC CUMES,DIVERSIFICADO,OFICIAL,URBANA,ABIERTA,MONOLINGUE,VESPERTINA,DIARIO(REGULAR),SOLOLA,solola,INSTITUTO NACIONAL DE EDUCACION DIVERSIFICADA,ESCUELA OFICIAL URBANA MIXTA NUMERO. 2,54285944,MARIO SAMUEL COTUC CUMES,ENRIQUE RAFAEL CHIYAL TӼTD,SANTA CLARA LA LAGUNA,URBANA,OFICIAL,MONOLINGUE,VESPERTINA,DIARIO(REGULAR)
07-07-0018-46,07-016,SOLOLA,SANTA CLARA LA LAGUNA,CENTRO EDUCATIVO COMUNITARIO (CEDCOM),"2A, AVENIDA 6-24 ZONA 1",79272004,ENRIQUE RAFAEL CHIYAL TӼ/td>,FRANCISCO ROBERTO RAM͒EZ IXMAT|/td>,DIVERSIFICADO,PRIVADO,URBANA,ABIERTA,MONOLINGUE,VESPERTINA,DIARIO(REGULAR),SOLOLA,solola,CENTRO EDUCATIVO COMUNITARIO (CEDCOM),"2A, AVENIDA 6-24 ZONA 1",79272004,FRANCISCO ROBERTO RAMEZ IXMATTD,ENRIQUE RAFAEL CHIYAL TӼTD,SANTA CLARA LA LAGUNA,URBANA,PRIVADO,MONOLINGUE,VESPERTINA,DIARIO(REGULAR)
07-07-0022-46,07-016,SOLOLA,SANTA CLARA LA LAGUNA,CENTRO EDUCATIVO DE FORMACION INTEGRAL SANTA CLARA -CEFISAC-,BARRIO SAN ANTONIO,51183129,ENRIQUE RAFAEL CHIYAL TӼ/td>,JUAN SAC TUJ,DIVERSIFICADO,PRIVADO,URBANA,ABIERTA,MONOLINGUE,DOBLE,FIN DE SEMANA,SOLOLA,solola,CENTRO EDUCATIVO DE FORMACION INTEGRAL SANTA CLARA -CEFISAC-,BARRIO SAN ANTONIO,51183129,JUAN SAC TUJ,ENRIQUE RAFAEL CHIYAL TӼTD,SANTA CLARA LA LAGUNA,URBANA,PRIVADO,MONOLINGUE,DOBLE,FIN DE SEMANA
07-09-0010-46,07-017,SOLOLA,SAN ANDRES SEMETABAJ,INED INSTITUTO NACIONAL DE EDUCACIӎ DIVERSIFICADA,BARRIO EL CENTRO,58237400,JOSɠMARVIN VELSQUEZ CULULɎ,REINALDO PEDRO MIGUEL TACN XAMB|/td>,DIVERSIFICADO,OFICIAL,URBANA,ABIERTA,BILINGUE,VESPERTINA,DIARIO(REGULAR),SOLOLA,solola,"INSTITUTO NACIONAL DE EDUCACIӍ DIVERSIFICADA, INED",BARRIO EL CENTRO,58237400,REINALDO PEDRO MIGUEL TACN XAMBTD,JOSƓMARVIN VELSQUEZ CULULɎ,SAN ANDRES SEMETABAJ,URBANA,OFICIAL,BILINGUE,VESPERTINA,DIARIO(REGULAR)
07-09-0023-46,07-017,SOLOLA,SAN ANDRES SEMETABAJ,INSTITUTO MIXTO DE EDUCACIӎ DIVERSIFICADA POR COOPERATIVA,ALDEA GOD͎EZ,53243719,JOSɠMARVIN VELSQUEZ CULULɎ,FAVIOLA CANDIDA MOTTA DE LEӎ,DIVERSIFICADO,COOPERATIVA,RURAL,ABIERTA,MONOLINGUE,VESPERTINA,DIARIO(REGULAR),SOLOLA,solola,INSTITUTO DE EDUCACION DIVERSIFICADA POR COOPERATIVA DE ENSEСNZA,ALDEA GODEZ,53243719,FAVIOLA CANDIDA MOTTA DE LEӍ,JOSƓMARVIN VELSQUEZ CULULɎ,SAN ANDRES SEMETABAJ,RURAL,COOPERATIVA,MONOLINGUE,VESPERTINA,DIARIO(REGULAR)
07-09-0570-46,07-017,SOLOLA,SAN ANDRES SEMETABAJ,"INSTITUTO INDIGENA ""NUESTRA SEяRA DEL SOCORRO""",BARRIO EL CENTRO,77221822,JOSɠMARVIN VELSQUEZ CULULɎ,NELY MELINA LӐEZ RAXTڎ,DIVERSIFICADO,PRIVADO,URBANA,ABIERTA,MONOLINGUE,DOBLE,DIARIO(REGULAR),SOLOLA,solola,INSTITUTO INDIGENA NUESTRA SEЯRA DEL SOCORRO,BARRIO EL CENTRO,77221822,NELY MELINA LӐEZ RAXTڎ,JOSƓMARVIN VELSQUEZ CULULɎ,SAN ANDRES SEMETABAJ,URBANA,PRIVADO,MONOLINGUE,DOBLE,DIARIO(REGULAR)
07-10-0001-46,07-011,SOLOLA,PANAJACHEL,"LICEO EVANGɌICO ""EBEN-EZER""",0 CALLE 0-22 ZONA 1,77621715,PORFIRIO GEREMIAS PAR CHAVAJAY,MILDRED REBECA HERNNDEZ CHVEZ,DIVERSIFICADO,PRIVADO,URBANA,ABIERTA,MONOLINGUE,MATUTINA,DIARIO(REGULAR),SOLOLA,solola,LICEO EVANGɌICO EBEN-EZER,0 CALLE 0-22 ZONA 1,77621715,MILDRED REBECA HERNNDEZ CHVEZ,PORFIRIO GEREMIAS PAR CHAVAJAY,PANAJACHEL,URBANA,PRIVADO,MONOLINGUE,MATUTINA,DIARIO(REGULAR)
07-10-0007-46,07-011,SOLOLA,PANAJACHEL,INSTITUTO NACIONAL DE EDUCACIӎ DIVERSIFICADA,0 AVENIDA 3-03 ZONA 4,77621417,PORFIRIO GEREMIAS PAR CHAVAJAY,NANCY GABRIELA YOXӎ CڍES,DIVERSIFICADO,OFICIAL,RURAL,ABIERTA,MONOLINGUE,VESPERTINA,DIARIO(REGULAR),SOLOLA,solola,INSTITUTO NACIONAL DE EDUCACION DIVERSIFICADA,0 AVENIDA 3-03 ZONA 4,77621417,NANCY GABRIELA YOXӍ CڍES,PORFIRIO GEREMIAS PAR CHAVAJAY,PANAJACHEL,RURAL,OFICIAL,MONOLINGUE,VESPERTINA,DIARIO(REGULAR)
07-10-0031-46,07-011,SOLOLA,PANAJACHEL,COLEGIO PRIVADO TECHNICIENCIA DEL LAGO,CALLE PRINCIPAL 0-72 ZONA 2,77620035,PORFIRIO GEREMIAS PAR CHAVAJAY,OLGA YESENIA ROSALES ORDӑEZ,DIVERSIFICADO,PRIVADO,URBANA,ABIERTA,MONOLINGUE,DOBLE,DIARIO(REGULAR),SOLOLA,solola,COLEGIO PRIVADO TECHNICIENCIA DEL LAGO,CALLE PRINCIPAL 0-72 ZONA 2,77620035,OLGA YESENIA ROSALES ORDӐEZ,PORFIRIO GEREMIAS PAR CHAVAJAY,PANAJACHEL,URBANA,PRIVADO,MONOLINGUE,DOBLE,DIARIO(REGULAR)
07-10-0032-46,07-011,SOLOLA,PANAJACHEL,"LICEO EVANGɌICO ""EBEN-EZER""",0 CALLE 0-22 ZONA 1,77622043,PORFIRIO GEREMIAS PAR CHAVAJAY,MILDRED REBECA HERNNDEZ CHVEZ,DIVERSIFICADO,PRIVADO,URBANA,ABIERTA,MONOLINGUE,DOBLE,DIARIO(REGULAR),SOLOLA,solola,LICEO EVANGɌICO EBEN-EZER,0 CALLE 0-22 ZONA 1,77622043,MILDRED REBECA HERNNDEZ CHVEZ,PORFIRIO GEREMIAS PAR CHAVAJAY,PANAJACHEL,URBANA,PRIVADO,MONOLINGUE,DOBLE,DIARIO(REGULAR)
07-10-0037-46,07-011,SOLOLA,PANAJACHEL,PANAJACHEL COLEGIO INTERNACIONAL,2DA. AVENIDA (VP) 4-33 ZONA 1,36179676,PORFIRIO GEREMIAS PAR CHAVAJAY,ABNER ISÁS SAMINES QUECHɼ/td>,DIVERSIFICADO,PRIVADO,URBANA,ABIERTA,MONOLINGUE,MATUTINA,DIARIO(REGULAR),SOLOLA,solola,PANAJACHEL COLEGIO INTERNACIONAL,2DA. AVENIDA (VP) 4-33 ZONA 1,36179676,ABNER ISAS SAMINES QUECHɼTD,PORFIRIO GEREMIAS PAR CHAVAJAY,PANAJACHEL,URBANA,PRIVADO,MONOLINGUE,MATUTINA,DIARIO(REGULAR)
07-10-0038-46,07-011,SOLOLA,PANAJACHEL,COLEGIO MIXTO LICEO PANAJACHEL,"CALLE PRINCIPAL FRENTE AL PARQUE MUNICIPAL, ZONA 01",55693589,PORFIRIO GEREMIAS PAR CHAVAJAY,JUANA XON XON,DIVERSIFICADO,PRIVADO,URBANA,ABIERTA,MONOLINGUE,DOBLE,FIN DE SEMANA,SOLOLA,solola,COLEGIO MIXTO LICEO PANAJACHEL,"CALLE PRINCIPAL FRENTE AL PARQUE MUNICIPAL, ZONA 01",55693589,JUANA XON XON,PORFIRIO GEREMIAS PAR CHAVAJAY,PANAJACHEL,URBANA,PRIVADO,MONOLINGUE,DOBLE,FIN DE SEMANA
07-10-0041-46,07-011,SOLOLA,PANAJACHEL,INSTITUTO NACIONAL DE EDUCACIӎ DIVERSIFICADA,0 AVENIDA 3-03 ZONA 4,77621417,PORFIRIO GEREMIAS PAR CHAVAJAY,NANCY GABRIELA YOXӎ CڍES,DIVERSIFICADO,OFICIAL,URBANA,ABIERTA,MONOLINGUE,DOBLE,DIARIO(REGULAR),SOLOLA,solola,INSTITUTO NACIONAL DE EDUCACION DIVERSIFICADA,0 AVENIDA 3-03 ZONA 4,77621417,NANCY GABRIELA YOXӍ CڍES,PORFIRIO GEREMIAS PAR CHAVAJAY,PANAJACHEL,URBANA,OFICIAL,MONOLINGUE,DOBLE,DIARIO(REGULAR)
07-10-0043-46,07-011,SOLOLA,PANAJACHEL,COLEGIO POR MADUREZ TIJAX,CALLE PRINCIPAL ZONA 1,55693589,PORFIRIO GEREMIAS PAR CHAVAJAY,JUANA XON XON,DIVERSIFICADO,PRIVADO,URBANA,ABIERTA,MONOLINGUE,SIN JORNADA,SEMIPRESENCIAL (UN D́ A LA SEMANA),SOLOLA,solola,COLEGIO POR MADUREZ TIJAX,CALLE PRINCIPAL ZONA 1,55693589,JUANA XON XON,PORFIRIO GEREMIAS PAR CHAVAJAY,PANAJACHEL,URBANA,PRIVADO,MONOLINGUE,SIN JORNADA,SEMIPRESENCIAL (UN D A LA SEMANA)
07-10-0047-46,07-011,SOLOLA,PANAJACHEL,INSTITUTO NACIONAL DE EDUCACIӎ DIVERSIFICADA,ALDEA PATANATIC,77620672,PORFIRIO GEREMIAS PAR CHAVAJAY,MARIO EDUARDO CHURUNEL PɒEZ,DIVERSIFICADO,OFICIAL,RURAL,ABIERTA,MONOLINGUE,VESPERTINA,DIARIO(REGULAR),SOLOLA,solola,INSTITUTO NACIONAL DE EDUCACION DIVERSIFICADA,ALDEA PATANATIC,77620672,MARIO EDUARDO CHURUNEL PⱰEZ,PORFIRIO GEREMIAS PAR CHAVAJAY,PANAJACHEL,RURAL,OFICIAL,MONOLINGUE,VESPERTINA,DIARIO(REGULAR)
07-10-0048-46,07-011,SOLOLA,PANAJACHEL,INSTITUTO NACIONAL DE EDUCACIӎ DIVERSIFICADA,SECTOR JUCANYA,77620672,PORFIRIO GEREMIAS PAR CHAVAJAY,JOSEFINA ARELY AVENDAя MIJANGOS,DIVERSIFICADO,OFICIAL,RURAL,ABIERTA,MONOLINGUE,NOCTURNA,DIARIO(REGULAR),SOLOLA,solola,INSTITUTO NACIONAL DE EDUCACION DIVERSIFICADA,SECTOR JUCANYA,77620672,JOSEFINA ARELY AVENDAЯ MIJANGOS,PORFIRIO GEREMIAS PAR CHAVAJAY,PANAJACHEL,RURAL,OFICIAL,MONOLINGUE,NOCTURNA,DIARIO(REGULAR)
07-10-0701-46,07-011,SOLOLA,PANAJACHEL,COLEGIO SAN FRANCISCO,2A. AVENIDA (V.P.) 1-43 ZONA 1,77626164,PORFIRIO GEREMIAS PAR CHAVAJAY,DIEGO FRANCISCO COSME RECINOS,DIVERSIFICADO,PRIVADO,URBANA,ABIERTA,MONOLINGUE,MATUTINA,DIARIO(REGULAR),SOLOLA,solola,COLEGIO SAN FRANCISCO,2A. AVENIDA (V.P.) 1-43 ZONA 1,77626164,DIEGO FRANCISCO COSME RECINOS,PORFIRIO GEREMIAS PAR CHAVAJAY,PANAJACHEL,URBANA,PRIVADO,MONOLINGUE,MATUTINA,DIARIO(REGULAR)
07-10-2418-46,07-011,SOLOLA,PANAJACHEL,"LICEO URRUTIA CEEP, CENTRO EDUCATIVO EXPERIMENTAL Y PROFESIONAL",1A. CALLE 0-45 ZONA 1,40527345,PORFIRIO GEREMIAS PAR CHAVAJAY,ELENA PATRICIA ORELLANA URRUTIA,DIVERSIFICADO,PRIVADO,URBANA,ABIERTA,MONOLINGUE,MATUTINA,DIARIO(REGULAR),SOLOLA,solola,"LICEO URRUTIA CEEP, CENTRO EDUCATIVO EXPERIMENTAL Y PROFESIONAL",1A. CALLE 0-45 ZONA 1,40527345,ELENA PATRICIA ORELLANA URRUTIA,PORFIRIO GEREMIAS PAR CHAVAJAY,PANAJACHEL,URBANA,PRIVADO,MONOLINGUE,MATUTINA,DIARIO(REGULAR)
07-10-2419-46,07-011,SOLOLA,PANAJACHEL,"LICEO URRUTIA CEEP, CENTRO EDUCATIVO EXPERIMENTAL Y PROFESIONAL",1A. CALLE 0-45 ZONA 1,40527345,PORFIRIO GEREMIAS PAR CHAVAJAY,ELENA PATRICIA ORELLANA URRUTIA,DIVERSIFICADO,PRIVADO,URBANA,ABIERTA,MONOLINGUE,VESPERTINA,DIARIO(REGULAR),SOLOLA,solola,"LICEO URRUTIA CEEP, CENTRO EDUCATIVO EXPERIMENTAL Y PROFESIONAL",1A. CALLE 0-45 ZONA 1,40527345,ELENA PATRICIA ORELLANA URRUTIA,PORFIRIO GEREMIAS PAR CHAVAJAY,PANAJACHEL,URBANA,PRIVADO,MONOLINGUE,VESPERTINA,DIARIO(REGULAR)
07-10-2484-46,07-011,SOLOLA,PANAJACHEL,COLEGIO PRIVADO TECHNICIENCIA DEL LAGO,CALLE PRINCIPAL 0-72 ZONA 2,77620035,PORFIRIO GEREMIAS PAR CHAVAJAY,OLGA YESENIA ROSALES ORDӑEZ,DIVERSIFICADO,PRIVADO,URBANA,ABIERTA,MONOLINGUE,VESPERTINA,DIARIO(REGULAR),SOLOLA,solola,COLEGIO PRIVADO TECHNICIENCIA DEL LAGO,CALLE PRINCIPAL 0-72 ZONA 2,77620035,OLGA YESENIA ROSALES ORDӐEZ,PORFIRIO GEREMIAS PAR CHAVAJAY,PANAJACHEL,URBANA,PRIVADO,MONOLINGUE,VESPERTINA,DIARIO(REGULAR)
07-10-3038-46,07-011,SOLOLA,PANAJACHEL,COLEGIO MIXTO JUAN PABLO II,CALLE DE LOS ARBOLES,77620346,PORFIRIO GEREMIAS PAR CHAVAJAY,LUĆ EUGENIA XON CORADO,DIVERSIFICADO,PRIVADO,URBANA,ABIERTA,MONOLINGUE,MATUTINA,DIARIO(REGULAR),SOLOLA,solola,COLEGIO JUAN PABLO II,CALLE DE LOS ARBOLES,77620346,LUC EUGENIA XON CORADO,PORFIRIO GEREMIAS PAR CHAVAJAY,PANAJACHEL,URBANA,PRIVADO,MONOLINGUE,MATUTINA,DIARIO(REGULAR)
07-10-3075-46,07-011,SOLOLA,PANAJACHEL,COLEGIO ACADEMIA MULTICULTURAL ATITLAN,1A. AVENIDA 0-68 ZONA 2,77620490,PORFIRIO GEREMIAS PAR CHAVAJAY,LUĆ EUGENIA XON CORADO,DIVERSIFICADO,PRIVADO,URBANA,ABIERTA,MONOLINGUE,VESPERTINA,DIARIO(REGULAR),SOLOLA,solola,COLEGIO ACADEMIA MULTICULTURAL ATITLAN,1A. AVENIDA 0-68 ZONA 2,77620490,LUC EUGENIA XON CORADO,PORFIRIO GEREMIAS PAR CHAVAJAY,PANAJACHEL,URBANA,PRIVADO,MONOLINGUE,VESPERTINA,DIARIO(REGULAR)
07-12-0007-46,07-023,SOLOLA,SAN ANTONIO PALOPO,INSTITUTO NACIONAL DE EDUCACIӎ DIVERSIFICADA -INED-,ALDEA AGUA ESCONDIDA,31869860,EDWIN WILFREDO AJCALӎ YAXӎ,ALEX NEHEḾS SACUJ MORALES,DIVERSIFICADO,OFICIAL,RURAL,ABIERTA,MONOLINGUE,VESPERTINA,DIARIO(REGULAR),SOLOLA,solola,"INSTITUTO NACIONAL DE EDUCACIӍ DIVERSIFICADA, INED",ALDEA AGUA ESCONDIDA,31869860,ALEX NEHEMS SACUJ MORALES,EDWIN WILFREDO AJCALӍ YAXӍ,SAN ANTONIO PALOPO,RURAL,OFICIAL,MONOLINGUE,VESPERTINA,DIARIO(REGULAR)
07-13-0016-46,07-030,SOLOLA,SAN LUCAS TOLIMAN,INSTITUTO NACIONAL DE EDUCACIӎ DIVERSIFICADA,AVENIDA PAVAROTTI FINAL,50181471,ABRAHAM ALBERTO COSIGUA MEJIA,JORGE HUMBERTO VɌIZ NAVICHOC,DIVERSIFICADO,OFICIAL,URBANA,ABIERTA,MONOLINGUE,VESPERTINA,DIARIO(REGULAR),SOLOLA,solola,INSTITUTO NACIONAL DE EDUCACION DIVERSIFICADA,AVENIDA PAVAROTTI FINAL,50181471,JORGE HUMBERTO VɌIZ NAVICHOC,ABRAHAM ALBERTO COSIGUA MEJIA,SAN LUCAS TOLIMAN,URBANA,OFICIAL,MONOLINGUE,VESPERTINA,DIARIO(REGULAR)
07-13-0027-46,07-030,SOLOLA,SAN LUCAS TOLIMAN,CENTRO DE ESTUDIOS AVANZADOS,3AV. 5-75 ZONA 1 CALZADA LA PAZ,45125453,ABRAHAM ALBERTO COSIGUA MEJIA,ESTEBAN SANTIAGO GARCIA,DIVERSIFICADO,PRIVADO,URBANA,ABIERTA,MONOLINGUE,VESPERTINA,DIARIO(REGULAR),SOLOLA,solola,CENTRO DE ESTUDIOS AVANZADOS,3AV. 5-75 ZONA 1 CALZADA LA PAZ,45125453,ESTEBAN SANTIAGO GARCIA,ABRAHAM ALBERTO COSIGUA MEJIA,SAN LUCAS TOLIMAN,URBANA,PRIVADO,MONOLINGUE,VESPERTINA,DIARIO(REGULAR)
07-13-0028-46,07-030,SOLOLA,SAN LUCAS TOLIMAN,CENTRO DE ESTUDIOS AVANZADOS,3AV. 5-75 ZONA 1 CALZADA LA PAZ,45125453,ABRAHAM ALBERTO COSIGUA MEJIA,ESTEBAN SANTIAGO GARCIA,DIVERSIFICADO,PRIVADO,URBANA,ABIERTA,MONOLINGUE,MATUTINA,DIARIO(REGULAR),SOLOLA,solola,CENTRO DE ESTUDIOS AVANZADOS,3AV. 5-75 ZONA 1 CALZADA LA PAZ,45125453,ESTEBAN SANTIAGO GARCIA,ABRAHAM ALBERTO COSIGUA MEJIA,SAN LUCAS TOLIMAN,URBANA,PRIVADO,MONOLINGUE,MATUTINA,DIARIO(REGULAR)
07-13-0029-46,07-030,SOLOLA,SAN LUCAS TOLIMAN,CENTRO DE ESTUDIOS AVANZADOS,3AV. 5-75 ZONA 1 CALZADA LA PAZ,45125453,ABRAHAM ALBERTO COSIGUA MEJIA,ESTEBAN SANTIAGO GARCIA,DIVERSIFICADO,PRIVADO,URBANA,ABIERTA,MONOLINGUE,DOBLE,FIN DE SEMANA,SOLOLA,solola,CENTRO DE ESTUDIOS AVANZADOS,3AV. 5-75 ZONA 1 CALZADA LA PAZ,45125453,ESTEBAN SANTIAGO GARCIA,ABRAHAM ALBERTO COSIGUA MEJIA,SAN LUCAS TOLIMAN,URBANA,PRIVADO,MONOLINGUE,DOBLE,FIN DE SEMANA
07-13-0037-46,07-030,SOLOLA,SAN LUCAS TOLIMAN,CENTRO EDUCATIVO SANTO DOMINGO,5TA. CALLE 6-79 ZONA 1,77220266,ABRAHAM ALBERTO COSIGUA MEJIA,JORGE HUMBERTO VɌIZ NAVICHOC,DIVERSIFICADO,PRIVADO,URBANA,ABIERTA,MONOLINGUE,NOCTURNA,DIARIO(REGULAR),SOLOLA,solola,CENTRO EDUCATIVO SANTO DOMINGO,5TA. CALLE 6-79 ZONA 1,77220266,JORGE HUMBERTO VɌIZ NAVICHOC,ABRAHAM ALBERTO COSIGUA MEJIA,SAN LUCAS TOLIMAN,URBANA,PRIVADO,MONOLINGUE,NOCTURNA,DIARIO(REGULAR)
07-13-0038-46,07-030,SOLOLA,SAN LUCAS TOLIMAN,CENTRO EDUCATIVO SANTO DOMINGO,5TA. CALLE 6-79 ZONA 1,77220266,ABRAHAM ALBERTO COSIGUA MEJIA,JORGE HUMBERTO VɌIZ NAVICHOC,DIVERSIFICADO,PRIVADO,URBANA,ABIERTA,MONOLINGUE,VESPERTINA,DIARIO(REGULAR),SOLOLA,solola,CENTRO EDUCATIVO SANTO DOMINGO,5TA. CALLE 6-79 ZONA 1,77220266,JORGE HUMBERTO VɌIZ NAVICHOC,ABRAHAM ALBERTO COSIGUA MEJIA,SAN LUCAS TOLIMAN,URBANA,PRIVADO,MONOLINGUE,VESPERTINA,DIARIO(REGULAR)
07-13-0046-46,07-030,SOLOLA,SAN LUCAS TOLIMAN,INSTITUTO MIXTO DE EDUCACIӎ DIVERSIFICADA POR COOPERATIVA,PARCELAMIENTO PAMPOJIL|/td>,58900781,ABRAHAM ALBERTO COSIGUA MEJIA,GERARDO MORALES CUJ,DIVERSIFICADO,COOPERATIVA,RURAL,ABIERTA,MONOLINGUE,VESPERTINA,DIARIO(REGULAR),SOLOLA,solola,INSTITUTO DE EDUCACION DIVERSIFICADA POR COOPERATIVA DE ENSEСNZA,PARCELAMIENTO PAMPOJILTD,58900781,GERARDO MORALES CUJ,ABRAHAM ALBERTO COSIGUA MEJIA,SAN LUCAS TOLIMAN,RURAL,COOPERATIVA,MONOLINGUE,VESPERTINA,DIARIO(REGULAR)
07-13-0331-46,07-030,SOLOLA,SAN LUCAS TOLIMAN,"ESCUELA NACIONAL DE CIENCIAS COMERCIALES ""CARLOTA RAPHAEL DE DIAZ""",5A. CALLE 5-65 ZONA 1,77220200,ABRAHAM ALBERTO COSIGUA MEJIA,MAŔ FRANCISCA JULAJUJ MEJ́,DIVERSIFICADO,OFICIAL,URBANA,ABIERTA,MONOLINGUE,VESPERTINA,DIARIO(REGULAR),SOLOLA,solola,ESCUELA NACIONAL DE CIENCIAS COMERCIALES CARLOTA RAPHAEL DE DIAZ,5A. CALLE 5-65 ZONA 1,77220200,MAR FRANCISCA JULAJUJ MEJ,ABRAHAM ALBERTO COSIGUA MEJIA,SAN LUCAS TOLIMAN,URBANA,OFICIAL,MONOLINGUE,VESPERTINA,DIARIO(REGULAR)
07-13-2708-46,07-030,SOLOLA,SAN LUCAS TOLIMAN,"COLEGIO ""INTEGRAL TOLIMAN""",1A. Y 2A. CALLE DE LA 7A AVENIDA 1-71 ZONA 1,77930645,ABRAHAM ALBERTO COSIGUA MEJIA,CRUZ MENDOZA YAXӎ,DIVERSIFICADO,PRIVADO,URBANA,ABIERTA,BILINGUE,VESPERTINA,DIARIO(REGULAR),SOLOLA,solola,COLEGIO INTEGRAL TOLIMAN,1A. Y 2A. CALLE DE LA 7A AVENIDA 1-71 ZONA 1,77930645,CRUZ MENDOZA YAXӍ,ABRAHAM ALBERTO COSIGUA MEJIA,SAN LUCAS TOLIMAN,URBANA,PRIVADO,BILINGUE,VESPERTINA,DIARIO(REGULAR)
07-13-2869-46,07-030,SOLOLA,SAN LUCAS TOLIMAN,CENTRO EDUCATIVO SANTO DOMINGO,5TA. CALLE 6-79 ZONA 1,77220266,ABRAHAM ALBERTO COSIGUA MEJIA,JORGE HUMBERTO VɌIZ NAVICHOC,DIVERSIFICADO,PRIVADO,URBANA,ABIERTA,MONOLINGUE,DOBLE,FIN DE SEMANA,SOLOLA,solola,CENTRO EDUCATIVO SANTO DOMINGO,5TA. CALLE 6-79 ZONA 1,77220266,JORGE HUMBERTO VɌIZ NAVICHOC,ABRAHAM ALBERTO COSIGUA MEJIA,SAN LUCAS TOLIMAN,URBANA,PRIVADO,MONOLINGUE,DOBLE,FIN DE SEMANA
07-15-0005-46,07-021,SOLOLA,SAN PABLO LA LAGUNA,INSTITUTO NACIONAL DE EDUCACION DIVERSIFICADA,2DA. AVENIDA 4-60 ZONA 2,35310445,ADA LORENA HERNNDEZ AGUILAR,FREDY ROMEO LEJA CULUM,DIVERSIFICADO,OFICIAL,URBANA,ABIERTA,MONOLINGUE,VESPERTINA,DIARIO(REGULAR),SOLOLA,solola,INSTITUTO NACIONAL DE EDUCACION DIVERSIFICADA,2DA. AVENIDA 4-60 ZONA 2,35310445,FREDY ROMEO LEJA CULUM,ADA LORENA HERNNDEZ AGUILAR,SAN PABLO LA LAGUNA,URBANA,OFICIAL,MONOLINGUE,VESPERTINA,DIARIO(REGULAR)
07-15-0012-46,07-021,SOLOLA,SAN PABLO LA LAGUNA,CENTRO EDUCATIVO COMUNITARIO DE FORMACIӎ INTEGRAL SAN PABLO,3RA AVENIDA 1-68 ZONA 1,52665797,ADA LORENA HERNNDEZ AGUILAR,PEDRO CULUM IXCAYA,DIVERSIFICADO,PRIVADO,URBANA,ABIERTA,MONOLINGUE,DOBLE,FIN DE SEMANA,SOLOLA,solola,CENTRO EDUCATIVO COMUNITARIO DE FORMACIӍ INTEGRAL SAN PABLO,3RA AVENIDA 1-68 ZONA 1,52665797,PEDRO CULUM IXCAYA,ADA LORENA HERNNDEZ AGUILAR,SAN PABLO LA LAGUNA,URBANA,PRIVADO,MONOLINGUE,DOBLE,FIN DE SEMANA
07-17-0012-46,07-028,SOLOLA,SAN JUAN LA LAGUNA,INSTITUTO NACIONAL DE EDUCACIӎ DIVERSIFICADA,0 CALLE A CANTӎ XE KAQASIIWAAN ZONA 1,54120573,ANA FLORINDA DIONISIO YAC,FRANCISCO JAVIER UJPN HERNNDEZ,DIVERSIFICADO,OFICIAL,URBANA,ABIERTA,MONOLINGUE,MATUTINA,DIARIO(REGULAR),SOLOLA,solola,INSTITUTO NACIONAL DE EDUCACION DIVERSIFICADA,0 CALLE A CANTӍ XE KAQASIIWAAN ZONA 1,54120573,FRANCISCO JAVIER UJPN HERNNDEZ,ANA FLORINDA DIONISIO YAC,SAN JUAN LA LAGUNA,URBANA,OFICIAL,MONOLINGUE,MATUTINA,DIARIO(REGULAR)
07-17-0027-46,07-028,SOLOLA,SAN JUAN LA LAGUNA,LICEO SISTEMATICO INTEGRAL -LISI-,CANTӎ CHI NIMAYA,47363428,ANA FLORINDA DIONISIO YAC,PEDRO SANTIAGO CUC CHOLOT͏,DIVERSIFICADO,PRIVADO,RURAL,ABIERTA,MONOLINGUE,MATUTINA,DIARIO(REGULAR),SOLOLA,solola,LICEO SISTEMATICO INTEGRAL -LISI-,CANTӍ CHI NIMAYA,47363428,PEDRO SANTIAGO CUC CHOLOT,ANA FLORINDA DIONISIO YAC,SAN JUAN LA LAGUNA,RURAL,PRIVADO,MONOLINGUE,MATUTINA,DIARIO(REGULAR)
07-17-0028-46,07-028,SOLOLA,SAN JUAN LA LAGUNA,INSTITUTO NACIONAL DE EDUCACIӎ DIVERSIFICADA,0 CALLE A CANTON XE KAQASIIWAAN ZONA 1,54120573,ANA FLORINDA DIONISIO YAC,FRANCISCO JAVIER UJPN HERNNDEZ,DIVERSIFICADO,OFICIAL,URBANA,ABIERTA,MONOLINGUE,DOBLE,DIARIO(REGULAR),SOLOLA,solola,INSTITUTO NACIONAL DE EDUCACION DIVERSIFICADA,0 CALLE A CANTON XE KAQASIIWAAN ZONA 1,54120573,FRANCISCO JAVIER UJPN HERNNDEZ,ANA FLORINDA DIONISIO YAC,SAN JUAN LA LAGUNA,URBANA,OFICIAL,MONOLINGUE,DOBLE,DIARIO(REGULAR)
07-17-2619-46,07-028,SOLOLA,SAN JUAN LA LAGUNA,"CENTRO EDUCATIVO INTEGRAL MAYA TZ'UTUJIL ""OSCAR AZMITIA""",CANTӎ PANOXTI,58324172,ANA FLORINDA DIONISIO YAC,CRISTӂAL ERMITAя CHOLOT͏ VSQUEZ,DIVERSIFICADO,PRIVADO,URBANA,ABIERTA,MONOLINGUE,VESPERTINA,DIARIO(REGULAR),SOLOLA,solola,CENTRO EDUCATIVO INTEGRAL MAYA TZUTUJIL OSCAR AZMITIA,CANTӍ PANOXTI,58324172,CRISTӁAL ERMITAЯ CHOLOT VSQUEZ,ANA FLORINDA DIONISIO YAC,SAN JUAN LA LAGUNA,URBANA,PRIVADO,MONOLINGUE,VESPERTINA,DIARIO(REGULAR)
07-18-0008-46,07-013,SOLOLA,SAN PEDRO LA LAGUNA,INSTITUTO NACIONAL DE EDUCACIӎ DIVERSIFICADA,4A. AVENIDA D 5-35 ZONA 2 CANTӎ CHUACANTɼ/td>,54844813,MANUEL EDUARDO CHOLOTIO COCHE,JOSɠMAŔ GONZALEZ ROCCHɼ/td>,DIVERSIFICADO,OFICIAL,URBANA,ABIERTA,MONOLINGUE,MATUTINA,DIARIO(REGULAR),SOLOLA,solola,INSTITUTO NACIONAL DE EDUCACION DIVERSIFICADA,4A. AVENIDA D 5-35 ZONA 2 CANTӍ CHUACANTɼTD,54844813,JOSƓMAR GONZALEZ ROCCHɼTD,MANUEL EDUARDO CHOLOTIO COCHE,SAN PEDRO LA LAGUNA,URBANA,OFICIAL,MONOLINGUE,MATUTINA,DIARIO(REGULAR)
07-18-0017-46,07-013,SOLOLA,SAN PEDRO LA LAGUNA,COLEGIO EVANGELICO BILINGUE HOLANDES,SAN PEDRO LA LAGUNA,59601419,MANUEL EDUARDO CHOLOTIO COCHE,ERWIN DANIEL UJPN UJPN,DIVERSIFICADO,PRIVADO,URBANA,ABIERTA,MONOLINGUE,MATUTINA,DIARIO(REGULAR),SOLOLA,solola,COLEGIO EVANGELICO BILINGUE HOLANDES,SAN PEDRO LA LAGUNA,59601419,ERWIN DANIEL UJPN UJPN,MANUEL EDUARDO CHOLOTIO COCHE,SAN PEDRO LA LAGUNA,URBANA,PRIVADO,MONOLINGUE,MATUTINA,DIARIO(REGULAR)
07-18-0022-46,07-013,SOLOLA,SAN PEDRO LA LAGUNA,COLEGIO DE FORMACIӎ TECNOLӇICA,7A. AVENIDA 2-20 ZONA 2,77218193,MANUEL EDUARDO CHOLOTIO COCHE,ONELIA EVARISTA POP PɒEZ,DIVERSIFICADO,PRIVADO,URBANA,ABIERTA,MONOLINGUE,MATUTINA,VIRTUAL A DISTANCIA,SOLOLA,solola,COLEGIO DE FORMACIӍ TECNOLӇICA,7A. AVENIDA 2-20 ZONA 2,77218193,ONELIA EVARISTA POP PⱰEZ,MANUEL EDUARDO CHOLOTIO COCHE,SAN PEDRO LA LAGUNA,URBANA,PRIVADO,MONOLINGUE,MATUTINA,VIRTUAL A DISTANCIA
07-18-0026-46,07-013,SOLOLA,SAN PEDRO LA LAGUNA,"COLEGIO PRIVADO EVANGɌICO ""BETHEL""","6A. AVENIDA ""A"" 4-44 ZONA 2",47402226,MANUEL EDUARDO CHOLOTIO COCHE,ESDRAS SAMUEL MEJIA QUEJڼ/td>,DIVERSIFICADO,PRIVADO,URBANA,ABIERTA,MONOLINGUE,MATUTINA,DIARIO(REGULAR),SOLOLA,solola,COLEGIO PRIVADO EVANGɌICO BETHEL,6A. AVENIDA A 4-44 ZONA 2,47402226,ESDRAS SAMUEL MEJIA QUEJڼTD,MANUEL EDUARDO CHOLOTIO COCHE,SAN PEDRO LA LAGUNA,URBANA,PRIVADO,MONOLINGUE,MATUTINA,DIARIO(REGULAR)
07-18-0027-46,07-013,SOLOLA,SAN PEDRO LA LAGUNA,"COLEGIO PRIVADO EVANGɌICO ""BETHEL""","6A. AVENIDA ""A"" 4-44, ZONA 2",47402226,MANUEL EDUARDO CHOLOTIO COCHE,ESDRAS SAMUEL MEJIA QUEJڼ/td>,DIVERSIFICADO,PRIVADO,URBANA,ABIERTA,MONOLINGUE,DOBLE,DIARIO(REGULAR),SOLOLA,solola,COLEGIO PRIVADO EVANGɌICO BETHEL,"6A. AVENIDA A 4-44, ZONA 2",47402226,ESDRAS SAMUEL MEJIA QUEJڼTD,MANUEL EDUARDO CHOLOTIO COCHE,SAN PEDRO LA LAGUNA,URBANA,PRIVADO,MONOLINGUE,DOBLE,DIARIO(REGULAR)
07-18-0028-46,07-013,SOLOLA,SAN PEDRO LA LAGUNA,TECNOLӇICO BETHEL,"6TA. AVENIDA 4-45, ZONA 2",47402226,MANUEL EDUARDO CHOLOTIO COCHE,ESDRAS SAMUEL MEJIA QUEJڼ/td>,DIVERSIFICADO,PRIVADO,URBANA,ABIERTA,MONOLINGUE,MATUTINA,DIARIO(REGULAR),SOLOLA,solola,TECNOLӇICO BETHEL,"6TA. AVENIDA 4-45, ZONA 2",47402226,ESDRAS SAMUEL MEJIA QUEJڼTD,MANUEL EDUARDO CHOLOTIO COCHE,SAN PEDRO LA LAGUNA,URBANA,PRIVADO,MONOLINGUE,MATUTINA,DIARIO(REGULAR)
07-18-1992-46,07-013,SOLOLA,SAN PEDRO LA LAGUNA,CENTRO EDUCATIVO COMUNITARIO TZ'UTUJIL,6A. AVENIDA 6-39 ZONA 3 CANTӎ CHUASANAHI,42207299,MANUEL EDUARDO CHOLOTIO COCHE,JOSɠMAŔ GONZALEZ ROCCHɼ/td>,DIVERSIFICADO,PRIVADO,URBANA,ABIERTA,MONOLINGUE,VESPERTINA,DIARIO(REGULAR),SOLOLA,solola,CENTRO EDUCATIVO COMUNITARIO TZUTUJIL,6A. AVENIDA 6-39 ZONA 3 CANTӍ CHUASANAHI,42207299,JOSƓMAR GONZALEZ ROCCHɼTD,MANUEL EDUARDO CHOLOTIO COCHE,SAN PEDRO LA LAGUNA,URBANA,PRIVADO,MONOLINGUE,VESPERTINA,DIARIO(REGULAR)
07-18-3112-46,07-013,SOLOLA,SAN PEDRO LA LAGUNA,"INSTITUTO MIXTO DE EDUCACIӎ BSICA Y DIVERSIFICADO POR COOPERATIVA ""LUISA Y BENJAM͎ PAUL""","6A. AVENIDA 6-39 ZONA 3, CANTӎ CHUASANAHͼ/td>",77218343,MANUEL EDUARDO CHOLOTIO COCHE,HUGO DIEGO TUCH PETZEY,DIVERSIFICADO,COOPERATIVA,URBANA,ABIERTA,MONOLINGUE,MATUTINA,DIARIO(REGULAR),SOLOLA,solola,INSTITUTO MIXTO DE EDUCACIӍ BSICA Y DIVERSIFICADO POR COOPERATIVA LUISA Y BENJAM PAUL,"6A. AVENIDA 6-39 ZONA 3, CANTӍ CHUASANAHϾTD",77218343,HUGO DIEGO TUCH PETZEY,MANUEL EDUARDO CHOLOTIO COCHE,SAN PEDRO LA LAGUNA,URBANA,COOPERATIVA,MONOLINGUE,MATUTINA,DIARIO(REGULAR)
07-19-0019-46,07-015,SOLOLA,SANTIAGO ATITLAN,INSTITUTO NACIONAL DE EDUCACIӎ DIVERSIFICADA,CANTON PANUL,77217729,JUAN POP CHAVAJAY,SANTIAGO SISAY SAPALڼ/td>,DIVERSIFICADO,OFICIAL,URBANA,ABIERTA,MONOLINGUE,VESPERTINA,DIARIO(REGULAR),SOLOLA,solola,INSTITUTO NACIONAL DE EDUCACION DIVERSIFICADA,CANTON PANUL,77217729,SANTIAGO SISAY SAPALڼTD,JUAN POP CHAVAJAY,SANTIAGO ATITLAN,URBANA,OFICIAL,MONOLINGUE,VESPERTINA,DIARIO(REGULAR)
07-19-0032-46,07-015,SOLOLA,SANTIAGO ATITLAN,"INSTITUTO DE EDUCACIӎ DIVERSIFICADA POR COOPERATIVA ATITLAN ""CEDUCA""",CANTӎ XECHIVOY,77217024,JUAN POP CHAVAJAY,PEDRO MENDOZA IXBALN,DIVERSIFICADO,COOPERATIVA,URBANA,ABIERTA,BILINGUE,VESPERTINA,DIARIO(REGULAR),SOLOLA,solola,INSTITUTO DE EDUCACIӍ DIVERSIFICADA POR COOPERATIVA ATITLAN CEDUCA,CANTӍ XECHIVOY,77217024,PEDRO MENDOZA IXBALN,JUAN POP CHAVAJAY,SANTIAGO ATITLAN,URBANA,COOPERATIVA,BILINGUE,VESPERTINA,DIARIO(REGULAR)
07-19-0034-46,07-015,SOLOLA,SANTIAGO ATITLAN,LICEO CRISTIANO ISRAELͼ/td>,CANTӎ TZANJUYڼ/td>,77217261,JUAN POP CHAVAJAY,PEDRO SOSOF QUIEJڼ/td>,DIVERSIFICADO,PRIVADO,URBANA,ABIERTA,MONOLINGUE,VESPERTINA,DIARIO(REGULAR),SOLOLA,solola,LICEO CRISTIANO ISRAELϾTD,CANTӍ TZANJUYڼTD,77217261,PEDRO SOSOF QUIEJڼTD,JUAN POP CHAVAJAY,SANTIAGO ATITLAN,URBANA,PRIVADO,MONOLINGUE,VESPERTINA,DIARIO(REGULAR)
07-19-0051-46,07-015,SOLOLA,SANTIAGO ATITLAN,LICEO INTEGRAL SANTIAGUITO -LINSA-,CANTӎ PACHICHAJ,77217550,JUAN POP CHAVAJAY,GASPAR REANDA PABLO,DIVERSIFICADO,PRIVADO,URBANA,ABIERTA,MONOLINGUE,VESPERTINA,DIARIO(REGULAR),SOLOLA,solola,LICEO INTEGRAL SANTIAGUITO -LINSA-,CANTӍ PACHICHAJ,77217550,GASPAR REANDA PABLO,JUAN POP CHAVAJAY,SANTIAGO ATITLAN,URBANA,PRIVADO,MONOLINGUE,VESPERTINA,DIARIO(REGULAR)
07-19-0065-46,07-015,SOLOLA,SANTIAGO ATITLAN,ESCUELA NORMAL BILING܅ INTERCULTURAL / KITIJOB'AL TIJOONELAA' TZ'UTUJILAA',COMUNIDAD DE CHUKMUK,58165683,JUAN POP CHAVAJAY,JOSɠMIGUEL POP TZIN|/td>,DIVERSIFICADO,OFICIAL,RURAL,ABIERTA,MONOLINGUE,MATUTINA,DIARIO(REGULAR),SOLOLA,solola,ESCUELA NORMAL BILING INTERCULTURAL KITIJOBAL TIJOONELAA TZUTUJILAA,COMUNIDAD DE CHUKMUK,58165683,JOSƓMIGUEL POP TZINTD,JUAN POP CHAVAJAY,SANTIAGO ATITLAN,RURAL,OFICIAL,MONOLINGUE,MATUTINA,DIARIO(REGULAR)
07-19-0103-46,07-027,SOLOLA,SANTIAGO ATITLAN,INSTITUTO NACIONAL DE EDUCACIӎ DIVERSIFICADA,"CANTON TZANCHALI, DE LA ALDEA CERRO DE ORO",43356322,NATANAEL MORALES PACAY,DAVID ABRAHAM COTZAL BARN,DIVERSIFICADO,OFICIAL,RURAL,ABIERTA,MONOLINGUE,VESPERTINA,DIARIO(REGULAR),SOLOLA,solola,INSTITUTO NACIONAL DE EDUCACION DIVERSIFICADA,"CANTON TZANCHALI, DE LA ALDEA CERRO DE ORO",43356322,DAVID ABRAHAM COTZAL BARN,NATANAEL MORALES PACAY,SANTIAGO ATITLAN,RURAL,OFICIAL,MONOLINGUE,VESPERTINA,DIARIO(REGULAR)
07-19-2765-46,07-015,SOLOLA,SANTIAGO ATITLAN,ESCUELA NORMAL BILING܅ INTERCULTURAL / KITIJOB'AL TIJOONELAA' TZ'UTUJILAA',COMUNIDAD DE CHUKMUK,58165683,JUAN POP CHAVAJAY,JOSɠMIGUEL POP TZIN|/td>,DIVERSIFICADO,OFICIAL,RURAL,ABIERTA,BILINGUE,DOBLE,DIARIO(REGULAR),SOLOLA,solola,ESCUELA NORMAL BILING INTERCULTURAL KITIJOBAL TIJOONELAA TZUTUJILAA,COMUNIDAD DE CHUKMUK,58165683,JOSƓMIGUEL POP TZINTD,JUAN POP CHAVAJAY,SANTIAGO ATITLAN,RURAL,OFICIAL,BILINGUE,DOBLE,DIARIO(REGULAR)
