CODIGO,Unnamed: 1,DISTRITO,DEPARTAMENTO,MUNICIPIO,ESTABLECIMIENTO,DIRECCION,TELEFONO,SUPERVISOR,DIRECTOR,NIVEL,SECTOR,AREA,STATUS,MODALIDAD,JORNADA,PLAN,DEPARTAMENTAL
02-01-0027-46,,02-014,EL PROGRESO,GUASTATOYA,INSTITUTO TECNICO INDUSTRIAL MIXTO GUASTATOYA,BARRIO EL CALVARIO,79450881.0,CARLA MARLENY ALDANA RODAS,JOSɠARTURO LӐEZ ORTIZ,DIVERSIFICADO,OFICIAL,URBANA,ABIERTA,MONOLINGUE,DOBLE,DIARIO(REGULAR),EL PROGRESO
02-01-0028-46,,02-014,EL PROGRESO,GUASTATOYA,COLEGIO DE CIENCIAS COMERCIALES EL PROGRESO,BARRIO EL PORVENIR,79451265.0,CARLA MARLENY ALDANA RODAS,DANIEL LӐEZ SOL͓,DIVERSIFICADO,PRIVADO,URBANA,ABIERTA,MONOLINGUE,MATUTINA,DIARIO(REGULAR),EL PROGRESO
02-01-0031-46,,02-014,EL PROGRESO,GUASTATOYA,INSTITUTO NACIONAL DE EDUCACION DIVERSIFICADA,BARRIO EL PORVENIR,54422753.0,CARLA MARLENY ALDANA RODAS,ILIANA ARACELY LZARO HERNNDEZ,DIVERSIFICADO,OFICIAL,URBANA,ABIERTA,MONOLINGUE,VESPERTINA,DIARIO(REGULAR),EL PROGRESO
02-01-0045-46,,02-014,EL PROGRESO,GUASTATOYA,INSTITUTO DE EDUCACIӎ MEDIA POR MADUREZ,BARRIO EL PORVENIR,56719955.0,CARLA MARLENY ALDANA RODAS,NORA REBECA IBAхZ MORN,DIVERSIFICADO,PRIVADO,URBANA,ABIERTA,MONOLINGUE,DOBLE,FIN DE SEMANA,EL PROGRESO
02-01-0049-46,,02-021,EL PROGRESO,GUASTATOYA,CENTRO MUNICIPAL DE EDUCACIӎ EXTRAESCOLAR -CEEX-,COLONIA LINDA VISTA,58250827.0,MARTA ELIDA CARIAS HERNANDEZ DE GARCIA,SANDRA PAOLA MORALES GARĆ,DIVERSIFICADO,MUNICIPAL,RURAL,ABIERTA,MONOLINGUE,DOBLE,FIN DE SEMANA,EL PROGRESO
02-01-0054-46,,02-012,EL PROGRESO,GUASTATOYA,COLEGIO EVANGELICO TORRE FUERTE,"COLONIA HICHOS, BARRIO EL PORVENIR",79451993.0,CARLOTA EUGENIA ALBUREZ AGUILAR,IRIS ORFEL͠LOAIZA MOSCOSO,DIVERSIFICADO,PRIVADO,URBANA,ABIERTA,MONOLINGUE,VESPERTINA,DIARIO(REGULAR),EL PROGRESO
02-01-0061-46,,02-021,EL PROGRESO,GUASTATOYA,PROGRAMA NACIONAL DE EDUCACIӎ ALTERNATIVA -PRONEA-,BARRIO LAS JOYAS CEMENTERIO VIEJO,79637575.0,MARTA ELIDA CARIAS HERNANDEZ DE GARCIA,MARTA ELIDA CARIAS,DIVERSIFICADO,OFICIAL,URBANA,ABIERTA,MONOLINGUE,DOBLE,A DISTANCIA,EL PROGRESO
02-01-0062-46,,02-021,EL PROGRESO,GUASTATOYA,CENTRO DE EDUCACIӎ EXTRAESCOLAR -CEEX- DEPARTAMENTAL,"BARRIO LAS JOYAS, CEMENTERIO VIEJO",37962236.0,MARTA ELIDA CARIAS HERNANDEZ DE GARCIA,HELLEN CELESTE MARROQUIN CORADO,DIVERSIFICADO,OFICIAL,URBANA,ABIERTA,MONOLINGUE,DOBLE,DIARIO(REGULAR),EL PROGRESO
02-01-0066-46,,02-012,EL PROGRESO,GUASTATOYA,COLEGIO MIXTO INTEGRAL EL PROGRESO,"COLONIA HICHOS, BARRIO EL PORVENIR",47406758.0,CARLOTA EUGENIA ALBUREZ AGUILAR,DELFINA MARISOL PAZOS RAMOS,DIVERSIFICADO,PRIVADO,URBANA,ABIERTA,MONOLINGUE,MATUTINA,DIARIO(REGULAR),EL PROGRESO
02-01-0068-46,,02-012,EL PROGRESO,GUASTATOYA,COLEGIO MIXTO INTEGRAL EL PROGRESO,COLONIA HICHOS BARRIO EL PORVENIR GUASTATOYA,47406758.0,CARLOTA EUGENIA ALBUREZ AGUILAR,DELFINA MARISOL PAZOS RAMOS,DIVERSIFICADO,PRIVADO,URBANA,ABIERTA,MONOLINGUE,DOBLE,FIN DE SEMANA,EL PROGRESO
02-01-0069-46,,02-012,EL PROGRESO,GUASTATOYA,COLEGIO MIXTO INTEGRAL EL PROGRESO,COLONI A HICHOS,47406758.0,CARLOTA EUGENIA ALBUREZ AGUILAR,DELFINA MARISOL PAZOS RAMOS,DIVERSIFICADO,PRIVADO,URBANA,ABIERTA,MONOLINGUE,DOBLE,FIN DE SEMANA,EL PROGRESO
02-01-0071-46,,02-014,EL PROGRESO,GUASTATOYA,INSTITUTO DE EDUCACION MEDIA POR MADUREZ,COLONIA NUEVA VIDA,42353730.0,CARLA MARLENY ALDANA RODAS,NORA REBECA IBAхZ MORN,DIVERSIFICADO,PRIVADO,URBANA,ABIERTA,MONOLINGUE,SIN JORNADA,SEMIPRESENCIAL (FIN DE SEMANA),EL PROGRESO
02-01-0073-46,,02-014,EL PROGRESO,GUASTATOYA,COLEGIO EDUCARE,BARRIO EL PROVENIR --,77648671.0,CARLA MARLENY ALDANA RODAS,HERLINDA EUNICE MORALES OLIVA,DIVERSIFICADO,PRIVADO,URBANA,ABIERTA,MONOLINGUE,MATUTINA,DIARIO(REGULAR),EL PROGRESO
02-01-0075-46,,02-012,EL PROGRESO,GUASTATOYA,COLEGIO MIXTO INTEGRAL EL PROGRESO,"COLONIA HICHOS, BARRIO EL PORVENIR GUASTATOYA EL PROGRESO",47406758.0,CARLOTA EUGENIA ALBUREZ AGUILAR,DELFINA MARISOL PAZOS RAMOS,DIVERSIFICADO,PRIVADO,URBANA,ABIERTA,MONOLINGUE,DOBLE,FIN DE SEMANA,EL PROGRESO
02-01-0252-46,,02-014,EL PROGRESO,GUASTATOYA,COLEGIO DE CIENCIAS COMERCIALES EL PROGRESO,BARRIO EL PORVENIR,79451265.0,CARLA MARLENY ALDANA RODAS,DANIEL LӐEZ SOL͓,DIVERSIFICADO,PRIVADO,URBANA,ABIERTA,MONOLINGUE,MATUTINA,DIARIO(REGULAR),EL PROGRESO
02-01-0562-46,,02-012,EL PROGRESO,GUASTATOYA,COLEGIO DE APLICACIONES INTEGRADAS GUASTATOYA,BARRIO EL PORVENIR,79450840.0,CARLOTA EUGENIA ALBUREZ AGUILAR,BRENDA AZUCENA VALIENTE ARREAGA,DIVERSIFICADO,PRIVADO,URBANA,ABIERTA,MONOLINGUE,MATUTINA,DIARIO(REGULAR),EL PROGRESO
02-01-0607-46,,02-012,EL PROGRESO,GUASTATOYA,INSTITUTO DIVERSIFICADO POR COOPERATIVA,BARRIO EL PORVENIR,79452363.0,CARLOTA EUGENIA ALBUREZ AGUILAR,NINFA GRACIELA MANRIQUEZ CALDERA,DIVERSIFICADO,COOPERATIVA,URBANA,ABIERTA,MONOLINGUE,VESPERTINA,DIARIO(REGULAR),EL PROGRESO
02-01-0665-46,,02-014,EL PROGRESO,GUASTATOYA,ESCUELA NORMAL DE EDUCACION FISICA,BARRIO EL PORVENIR,79451457.0,CARLA MARLENY ALDANA RODAS,WALTER OSWALDO MORALES CATALN,DIVERSIFICADO,OFICIAL,URBANA,ABIERTA,MONOLINGUE,DOBLE,DIARIO(REGULAR),EL PROGRESO
02-01-0704-46,,02-014,EL PROGRESO,GUASTATOYA,ESCUELA NORMAL INTERCULTURAL,BARRIO LAS JOYAS,79452399.0,CARLA MARLENY ALDANA RODAS,MAŔ MAGDALENA LӐEZ PERDOMO,DIVERSIFICADO,OFICIAL,URBANA,ABIERTA,MONOLINGUE,DOBLE,DIARIO(REGULAR),EL PROGRESO
02-02-0004-46,,02-002,EL PROGRESO,MORAZAN,INSTITUTO NACIONAL DE EDUCACION DIVERSIFICADA MORAZAN,BARRIO LAS DELICIAS,30138295.0,SILVIA CONSUELO GAMARRO HERRERA DE JUAREZ,CLAUDIA NINETH ALVREZ VSQUEZ,DIVERSIFICADO,OFICIAL,URBANA,ABIERTA,MONOLINGUE,MATUTINA,DIARIO(REGULAR),EL PROGRESO
02-02-0014-46,,02-002,EL PROGRESO,MORAZAN,INSTITUTO DIVERSIFICADO POR COOPERATIVA,BARRIO LAS DELICIAS,79247700.0,SILVIA CONSUELO GAMARRO HERRERA DE JUAREZ,ISRAEL ROJAS ORDOхZ,DIVERSIFICADO,COOPERATIVA,URBANA,ABIERTA,MONOLINGUE,VESPERTINA,DIARIO(REGULAR),EL PROGRESO
02-02-0613-46,,02-002,EL PROGRESO,MORAZAN,INSTITUTO DIVERSIFICADO POR COOPERATIVA,BARRIO LAS DELICIAS,79247700.0,SILVIA CONSUELO GAMARRO HERRERA DE JUAREZ,ISRAEL ROJAS ORDOхZ,DIVERSIFICADO,COOPERATIVA,URBANA,ABIERTA,MONOLINGUE,VESPERTINA,DIARIO(REGULAR),EL PROGRESO
02-03-0002-46,,02-015,EL PROGRESO,SAN AGUSTIN ACASAGUASTLAN,"COLEGIO ""CENTRO DE FORMACION PROFESIONAL PRE-UNIVERSITARIA DEL CICLO DIVERSIFICADO""",BARRIO EL CENTRO,55866613.0,EDNA LILY ALDANA GODOY,HɃTOR FRANCISCO DE LEӎ MURALLES,DIVERSIFICADO,PRIVADO,RURAL,ABIERTA,MONOLINGUE,VESPERTINA,DIARIO(REGULAR),EL PROGRESO
02-03-0003-46,,02-015,EL PROGRESO,SAN AGUSTIN ACASAGUASTLAN,"COLEGIO ""CENTRO DE FORMACION PROFESIONAL PREUNIVERSITARIA DEL CICLO DIVERSIFICADO""",BARRIO EL CENTRO,59787086.0,EDNA LILY ALDANA GODOY,HɃTOR FRANCISCO DE LEӎ MURALLES,DIVERSIFICADO,PRIVADO,RURAL,ABIERTA,MONOLINGUE,MATUTINA,DIARIO(REGULAR),EL PROGRESO
02-03-0004-46,,02-015,EL PROGRESO,SAN AGUSTIN ACASAGUASTLAN,"COLEGIO ""CENTRO DE FORMACION PROFESIONAL PRE-UNIVERSITARIA DEL CICLO DIVERSIFICADO""",BARRIO EL CENTRO,56389671.0,EDNA LILY ALDANA GODOY,HɃTOR FRANCISCO DE LEӎ MURALLES,DIVERSIFICADO,PRIVADO,RURAL,ABIERTA,MONOLINGUE,DOBLE,FIN DE SEMANA,EL PROGRESO
02-03-0021-46,,02-013,EL PROGRESO,SAN AGUSTIN ACASAGUASTLAN,INSTITUTO NACIONAL DE EDUCACION DIVERSIFICADA,BARRIO AGUA HIEL,31790028.0,JOHANA MAYBELL͠D́Z MARTT͎EZ,ANA LUCRECIA LӐEZ MARROQU͎,DIVERSIFICADO,OFICIAL,URBANA,ABIERTA,MONOLINGUE,MATUTINA,DIARIO(REGULAR),EL PROGRESO
02-03-0022-46,,02-013,EL PROGRESO,SAN AGUSTIN ACASAGUASTLAN,INSTITUTO NACIONAL DE EDUCACION DIVERSIFICADA,ALDEA EL RANCHO,48039407.0,JOHANA MAYBELL͠D́Z MARTT͎EZ,NERY RENɠORTEGA VALIENTE,DIVERSIFICADO,OFICIAL,RURAL,ABIERTA,MONOLINGUE,VESPERTINA,DIARIO(REGULAR),EL PROGRESO
02-03-0050-46,,02-015,EL PROGRESO,SAN AGUSTIN ACASAGUASTLAN,CENTRO EDUCATIVO PRIVADO MIXTO ACAZAU-AZTLAN,BARRIO GUAYTAN,44807367.0,EDNA LILY ALDANA GODOY,ROSA DELIA MORALES BALCRCEL,DIVERSIFICADO,PRIVADO,URBANA,ABIERTA,MONOLINGUE,DOBLE,FIN DE SEMANA,EL PROGRESO
02-03-0054-46,,02-015,EL PROGRESO,SAN AGUSTIN ACASAGUASTLAN,COLEGIO PRIVADO MIXTO DE EDUCACION BASICA SAN AGUSTIN ACASAGUASTLAN -COMEBSA-,BARRIO GUAYTAN,31511521.0,EDNA LILY ALDANA GODOY,AURA MARINA AGUILAR RAMIREZ,DIVERSIFICADO,PRIVADO,URBANA,ABIERTA,MONOLINGUE,DOBLE,FIN DE SEMANA,EL PROGRESO
02-03-0107-46,,02-003,EL PROGRESO,SAN AGUSTIN ACASAGUASTLAN,"ESCUELA TɃNICA PROFESIONAL ""MOISɓ LIRA SERAFIN""","CASERIO LAS CHAMPAS, ALDEA SANTA GERTRUDIS",47700271.0,EUNICE GUADALUPE NAJARRO JUAREZ,MARLEN KARINA ARANA GRIJALVA,DIVERSIFICADO,PRIVADO,RURAL,ABIERTA,MONOLINGUE,MATUTINA,DIARIO(REGULAR),EL PROGRESO
02-03-0109-46,,02-003,EL PROGRESO,SAN AGUSTIN ACASAGUASTLAN,INSTITUTO NACIONAL DE EDUCACIӎ DIVERSIFICADA,ALDEA EL CONACASTE,58914882.0,EUNICE GUADALUPE NAJARRO JUAREZ,RONY ALBINO LӐEZ CRښ,DIVERSIFICADO,OFICIAL,RURAL,ABIERTA,MONOLINGUE,VESPERTINA,DIARIO(REGULAR),EL PROGRESO
02-03-0112-46,,02-003,EL PROGRESO,SAN AGUSTIN ACASAGUASTLAN,INSTITUTO NACIONAL DE EDUCACIӎ DIVERSIFICADA,ALDEA EL MORRO,47190600.0,EUNICE GUADALUPE NAJARRO JUAREZ,MARIBEL GERANDINA LIMA PORRAS,DIVERSIFICADO,OFICIAL,RURAL,ABIERTA,MONOLINGUE,MATUTINA,DIARIO(REGULAR),EL PROGRESO
02-03-0117-46,,02-015,EL PROGRESO,SAN AGUSTIN ACASAGUASTLAN,CENTRO EDUCATIVO PRIVADO MIXTO ACAZAU-AZTLAN,BARRIO GUAYTAN,44807367.0,EDNA LILY ALDANA GODOY,BLANCA ROSELIA OLIVA RAMOS,DIVERSIFICADO,PRIVADO,URBANA,ABIERTA,MONOLINGUE,VESPERTINA,DIARIO(REGULAR),EL PROGRESO
02-03-0119-46,,02-015,EL PROGRESO,SAN AGUSTIN ACASAGUASTLAN,COLEGIO EL SHADDAI,BARRIO RIO HATO,40953523.0,EDNA LILY ALDANA GODOY,ZONIA ELIZABEHT MARROQU͎ GUTIERREZ,DIVERSIFICADO,PRIVADO,URBANA,ABIERTA,MONOLINGUE,VESPERTINA,DIARIO(REGULAR),EL PROGRESO
02-03-0125-46,,02-015,EL PROGRESO,SAN AGUSTIN ACASAGUASTLAN,COLEGIO EL SHADDAI,BARRIO RIO HATO,46413167.0,EDNA LILY ALDANA GODOY,ZONIA ELIZABEHT MARROQU͎ GUTIERREZ,DIVERSIFICADO,PRIVADO,URBANA,ABIERTA,MONOLINGUE,VESPERTINA,DIARIO(REGULAR),EL PROGRESO
02-03-0128-46,,02-013,EL PROGRESO,SAN AGUSTIN ACASAGUASTLAN,INSTITUTO MUNICIPAL DE EDUCACIӎ DIVERSIFICADA,ALDEA TULUMAJILLO,49399416.0,JOHANA MAYBELL͠D́Z MARTT͎EZ,MARVIN AUGUSTO CORDOVA SڃHITE,DIVERSIFICADO,MUNICIPAL,RURAL,ABIERTA,MONOLINGUE,VESPERTINA,DIARIO(REGULAR),EL PROGRESO
02-03-0133-46,,02-003,EL PROGRESO,SAN AGUSTIN ACASAGUASTLAN,CENTRO EDUCATIVO PRIVADO MIXTO INNOVADOR,BARRIO GUAYTAN,42159528.0,EUNICE GUADALUPE NAJARRO JUAREZ,HEIDY CAROLINA LOPEZ,DIVERSIFICADO,PRIVADO,URBANA,ABIERTA,MONOLINGUE,VESPERTINA,DIARIO(REGULAR),EL PROGRESO
02-03-0134-46,,02-003,EL PROGRESO,SAN AGUSTIN ACASAGUASTLAN,CENTRO EDUCATIVO PRIVADO MIXTO INNOVADOR,BARRIO GUAYTAN,42159528.0,EUNICE GUADALUPE NAJARRO JUAREZ,HEIDY CAROLINA LOPEZ,DIVERSIFICADO,PRIVADO,URBANA,ABIERTA,MONOLINGUE,DOBLE,FIN DE SEMANA,EL PROGRESO
02-03-0136-46,,02-003,EL PROGRESO,SAN AGUSTIN ACASAGUASTLAN,CENTRO EDUCATIVO PRIVADO MIXTO INNOVADOR,BARRIO GUAYTAN,4215928.0,EUNICE GUADALUPE NAJARRO JUAREZ,HEIDY CAROLINA LOPEZ,DIVERSIFICADO,PRIVADO,URBANA,ABIERTA,MONOLINGUE,DOBLE,FIN DE SEMANA,EL PROGRESO
02-03-0142-46,,02-015,EL PROGRESO,SAN AGUSTIN ACASAGUASTLAN,"COLEGIO TECNOLӇICO ""JERUSALɎ""",BARRIO SAN SEBASTIAN,49870363.0,EDNA LILY ALDANA GODOY,EDGAR RAڌ SNCHEZ MORALES,DIVERSIFICADO,PRIVADO,URBANA,ABIERTA,MONOLINGUE,VESPERTINA,DIARIO(REGULAR),EL PROGRESO
02-03-0144-46,,02-015,EL PROGRESO,SAN AGUSTIN ACASAGUASTLAN,"COLEGIO PRIVADO MIXTO DE EDUCACIӎ BSICA PLAN FIN DE SEMANA ""COMEBSA""",BARRIO SAN SEBASTIAN,79360679.0,EDNA LILY ALDANA GODOY,AURA MARINA AGUILAR RAMIREZ,DIVERSIFICADO,PRIVADO,URBANA,ABIERTA,MONOLINGUE,SIN JORNADA,SEMIPRESENCIAL (FIN DE SEMANA),EL PROGRESO
02-03-0146-46,,02-003,EL PROGRESO,SAN AGUSTIN ACASAGUASTLAN,CENTRO EDUCATIVO PRIVADO MIXTO INNOVADOR,BARRIO GUAYTAN,54507272.0,EUNICE GUADALUPE NAJARRO JUAREZ,HEIDY CAROLINA LOPEZ,DIVERSIFICADO,PRIVADO,URBANA,ABIERTA,MONOLINGUE,SIN JORNADA,SEMIPRESENCIAL (FIN DE SEMANA),EL PROGRESO
02-03-0148-46,,02-015,EL PROGRESO,SAN AGUSTIN ACASAGUASTLAN,"CENTRO EDUCATIVO PRIVADO MIXTO ""ACAZAUAZTLAN""",BARRIO SAN SEBASTIAN,79360581.0,EDNA LILY ALDANA GODOY,ROSA DELIA MORALES BALCRCEL,DIVERSIFICADO,PRIVADO,URBANA,ABIERTA,MONOLINGUE,SIN JORNADA,SEMIPRESENCIAL (FIN DE SEMANA),EL PROGRESO
02-03-0150-46,,02-015,EL PROGRESO,SAN AGUSTIN ACASAGUASTLAN,COLEGIO CENTRO DE FORMACIӎ PROFESIONAL PRE-UNIVERISTARIA DEL CICLO DIVERSIFICADO,BARRIO EL CENTRO ALDEA EL RANCHO,59787086.0,EDNA LILY ALDANA GODOY,HɃTOR FRANCISCO DE LEӎ MURALLES,DIVERSIFICADO,PRIVADO,RURAL,ABIERTA,MONOLINGUE,SIN JORNADA,SEMIPRESENCIAL (FIN DE SEMANA),EL PROGRESO
02-03-0157-46,,02-015,EL PROGRESO,SAN AGUSTIN ACASAGUASTLAN,COLEGIO TECNOLӇICO JERUSALɎ,BARRIO SAN SEBASTIAN SAN AGUSTIN ACASAGUASTLAN,79360679.0,EDNA LILY ALDANA GODOY,EDGAR RAڌ SNCHEZ MORALES,DIVERSIFICADO,PRIVADO,URBANA,ABIERTA,MONOLINGUE,VESPERTINA,DIARIO(REGULAR),EL PROGRESO
02-03-0158-46,,02-015,EL PROGRESO,SAN AGUSTIN ACASAGUASTLAN,COLEGIO TECNOLӇICO JERUSALɎ,BARRIO SAN SEBASTIAN SAN AGUSTIN ACASAGUASTLAN,79360679.0,EDNA LILY ALDANA GODOY,EDGAR RAڌ SNCHEZ MORALES,DIVERSIFICADO,PRIVADO,URBANA,ABIERTA,MONOLINGUE,VESPERTINA,DIARIO(REGULAR),EL PROGRESO
02-03-0159-46,,02-015,EL PROGRESO,SAN AGUSTIN ACASAGUASTLAN,"COLEGIO PRIVADO MIXTO DE EDUCACIӎ BSICA PLAN FIN DE SEMANA ""COMEBSA""",BARRIO SAN SEBASTIAN SAN AGUSTIN ACASAGUASTLAN,79360679.0,EDNA LILY ALDANA GODOY,AURA MARINA AGUILAR RAMIREZ,DIVERSIFICADO,PRIVADO,URBANA,ABIERTA,MONOLINGUE,DOBLE,FIN DE SEMANA,EL PROGRESO
02-03-0162-46,,02-015,EL PROGRESO,SAN AGUSTIN ACASAGUASTLAN,CENTRO EDUCATIVO PRIVADO MIXTO ACAZAU-AZTLAN,BARRIO SAN SEBASTIAN SAN AGUSTIN ACASAGUASTLAN,56508470.0,EDNA LILY ALDANA GODOY,BLANCA ROSELIA OLIVA RAMOS,DIVERSIFICADO,PRIVADO,URBANA,ABIERTA,MONOLINGUE,VESPERTINA,DIARIO(REGULAR),EL PROGRESO
02-03-0163-46,,02-015,EL PROGRESO,SAN AGUSTIN ACASAGUASTLAN,CENTRO EDUCATIVO PRIVADO MIXTO ACAZAU-AZTLAN,BARRIO SAN SEBASTIAN SAN AGUSTIN ACASAGUASTLAN,30528878.0,EDNA LILY ALDANA GODOY,ROSA DELIA MORALES BALCRCEL,DIVERSIFICADO,PRIVADO,URBANA,ABIERTA,MONOLINGUE,DOBLE,FIN DE SEMANA,EL PROGRESO
02-03-0164-46,,02-015,EL PROGRESO,SAN AGUSTIN ACASAGUASTLAN,CENTRO EDUCATIVO PRIVADO MIXTO ACAZAU-AZTLAN,BARRIO SAN SEBASTIAN SAN AGUSTIN ACASAGUASTLAN,30528878.0,EDNA LILY ALDANA GODOY,ROSA DELIA MORALES BALCARCEL,DIVERSIFICADO,PRIVADO,URBANA,ABIERTA,MONOLINGUE,SIN JORNADA,SEMIPRESENCIAL (FIN DE SEMANA),EL PROGRESO
02-03-0167-46,,02-015,EL PROGRESO,SAN AGUSTIN ACASAGUASTLAN,INSTITUTO NACIONAL DE EDUCACIӎ DIVERSIFICADA,ALDEA TECUIZ,55128751.0,EDNA LILY ALDANA GODOY,MILDRED CECILIA CRښ LARIOS,DIVERSIFICADO,OFICIAL,RURAL,ABIERTA,MONOLINGUE,MATUTINA,DIARIO(REGULAR),EL PROGRESO
02-03-0599-46,,02-003,EL PROGRESO,SAN AGUSTIN ACASAGUASTLAN,"INSTITUTO DIVERSIFICADO POR COOPERATIVA ""SAN AGUSTIN ACASAGUASTLAN""",BARRIO GUAYTAN ARRIBA,79360629.0,EUNICE GUADALUPE NAJARRO JUAREZ,MAŔ EUGENIA VARGAS PA͚,DIVERSIFICADO,COOPERATIVA,URBANA,ABIERTA,MONOLINGUE,VESPERTINA,DIARIO(REGULAR),EL PROGRESO
02-03-0719-46,,02-003,EL PROGRESO,SAN AGUSTIN ACASAGUASTLAN,ESCUELA TECNICA PROFESIONAL MOISES LIRA SERAFIN,CASERIO LAS CHAMPAS ALDEA SANTA GERTRUDIS,47700271.0,EUNICE GUADALUPE NAJARRO JUAREZ,MARLEN KARINA ARANA GRIJALVA,DIVERSIFICADO,PRIVADO,RURAL,ABIERTA,MONOLINGUE,DOBLE,FIN DE SEMANA,EL PROGRESO
02-04-0004-46,,02-004,EL PROGRESO,SAN CRISTOBAL ACASAGUASTLAN,INSTITUTO NACIONAL DE EDUCACION DIVERSIFICADA,CABECERA MUNICIPAL,58737848.0,EDGAR RUDY MORALES GODINEZ,LISBETH MARIELA ALDANA JUAREZ,DIVERSIFICADO,OFICIAL,URBANA,ABIERTA,MONOLINGUE,VESPERTINA,DIARIO(REGULAR),EL PROGRESO
02-04-0014-46,,02-004,EL PROGRESO,SAN CRISTOBAL ACASAGUASTLAN,COLEGIO CRISTIANO BEREA PASTOR ERWIN ALBERTO REYES ALVARADO,ALDEA ESTANCIA DE LA VIRGEN,52107093.0,EDGAR RUDY MORALES GODINEZ,MAŔ YOLANDA PAZ Y PAZ,DIVERSIFICADO,PRIVADO,RURAL,ABIERTA,MONOLINGUE,VESPERTINA,DIARIO(REGULAR),EL PROGRESO
02-04-0419-46,,02-004,EL PROGRESO,SAN CRISTOBAL ACASAGUASTLAN,INSTITUTO MIXTO PRIVADO SAN CRISTOBAL,AVENIDA JUAN ANTONIO,55141140.0,EDGAR RUDY MORALES GODINEZ,EVERILDO BAILӎ MORALES,DIVERSIFICADO,PRIVADO,URBANA,ABIERTA,MONOLINGUE,VESPERTINA,DIARIO(REGULAR),EL PROGRESO
02-05-0008-46,,02-019,EL PROGRESO,EL JICARO,INSTITUTO NACIONAL DE EDUCACION DIVERSIFICADA,BARRIO BUENOS ARIES,56999635.0,JACKSON AMAGGI MORALES MACAL,MARTHA YESSENIA MACAL ALDANA,DIVERSIFICADO,OFICIAL,URBANA,ABIERTA,MONOLINGUE,MATUTINA,DIARIO(REGULAR),EL PROGRESO
02-05-0013-46,,02-019,EL PROGRESO,EL JICARO,INSTITUTO MUNICIPAL DE EL PASO DE LOS JALAPAS,ALDEA EL PASO DE LOS JALAPAS,44388320.0,JACKSON AMAGGI MORALES MACAL,KARLA JUDITH MEJ́ VARGAS,DIVERSIFICADO,MUNICIPAL,RURAL,ABIERTA,MONOLINGUE,VESPERTINA,DIARIO(REGULAR),EL PROGRESO
02-05-0017-46,,02-019,EL PROGRESO,EL JICARO,INSTITUTO MUNICIPAL DE EDUCACIӎ DIVERSIFICADA,BARRIO BUENOS AIRES,43728224.0,JACKSON AMAGGI MORALES MACAL,LILIAN MELISSA LUNA LӐEZ,DIVERSIFICADO,MUNICIPAL,URBANA,ABIERTA,MONOLINGUE,MATUTINA,DIARIO(REGULAR),EL PROGRESO
02-05-0018-46,,02-019,EL PROGRESO,EL JICARO,INSTITUTO NACIONAL TECNOLӇICO DE EDUCACIӎ DIVERSIFICADA DE EL J̓ARO,BARRIO BUENOS AIRES,3033.0,JACKSON AMAGGI MORALES MACAL,MANFREDO HUMBERTO GARĆ ORTIZ,DIVERSIFICADO,OFICIAL,URBANA,ABIERTA,MONOLINGUE,DOBLE,DIARIO(REGULAR),EL PROGRESO
02-05-0019-46,,02-019,EL PROGRESO,EL JICARO,INSTITUTO DE EDUCACIӎ BSICA Y BACHILLERATO POR MADUREZ,JICARO,56476148.0,JACKSON AMAGGI MORALES MACAL,WENDY PRIMAVERA VARGAS SALGUERO,DIVERSIFICADO,PRIVADO,URBANA,ABIERTA,MONOLINGUE,SIN JORNADA,SEMIPRESENCIAL (FIN DE SEMANA),EL PROGRESO
02-05-0664-46,,02-019,EL PROGRESO,EL JICARO,INSTITUTO DIVERSIFICADO POR COOPERATIVA,BARRIO BUENOS AIRES,30082063.0,JACKSON AMAGGI MORALES MACAL,BRAYAN RAMIRO GARĆ MAT́S,DIVERSIFICADO,COOPERATIVA,URBANA,ABIERTA,MONOLINGUE,VESPERTINA,DIARIO(REGULAR),EL PROGRESO
02-05-0687-46,,02-019,EL PROGRESO,EL JICARO,COLEGIO CRISTIANO NUEVA JERUSALEN,BARRIO BUENOS AIRES,54608062.0,JACKSON AMAGGI MORALES MACAL,JORGE MARIO RAM͒EZ LӐEZ,DIVERSIFICADO,PRIVADO,URBANA,ABIERTA,MONOLINGUE,VESPERTINA,DIARIO(REGULAR),EL PROGRESO
02-06-0005-46,,02-022,EL PROGRESO,SANSARE,INSTITUTO NACIONAL DE EDUCACION DIVERSIFICADA,BARRIO PUEBLO ARRIBA,54689593.0,LUZ ELENA MORALES DE PAZ DE CARDONA,MARTA ALICIA SOSA CASTAхDA,DIVERSIFICADO,OFICIAL,URBANA,ABIERTA,MONOLINGUE,VESPERTINA,DIARIO(REGULAR),EL PROGRESO
02-06-0013-46,,02-022,EL PROGRESO,SANSARE,INSTITUTO MUNICIPAL DE EDUCACIӎ DIVERSIFICADA,ALDEA LOS CERRITOS,50135758.0,LUZ ELENA MORALES DE PAZ DE CARDONA,BRENDA CARINA MURALLES PEREZ,DIVERSIFICADO,MUNICIPAL,RURAL,ABIERTA,MONOLINGUE,MATUTINA,DIARIO(REGULAR),EL PROGRESO
02-06-0014-46,,02-022,EL PROGRESO,SANSARE,COLEGIO SAGRADO CORAZӎ DE JESړ Y MAŔ,BARRIO PUEBLO ABAJO,56333236.0,LUZ ELENA MORALES DE PAZ DE CARDONA,MARTA DOLORES NORIEGA BӌERES,DIVERSIFICADO,PRIVADO,URBANA,ABIERTA,MONOLINGUE,VESPERTINA,DIARIO(REGULAR),EL PROGRESO
02-06-0018-46,,02-020,EL PROGRESO,SANSARE,INSTITUTO NACIONAL DE EDUCACIӎ DIVERSIFICADA,ALDEA POZA VERDE,55156986.0,ARISTIDES CABRERA ROMERO,LIGIA MABILIA MARROQUIN DE CARRANZA,DIVERSIFICADO,OFICIAL,RURAL,ABIERTA,MONOLINGUE,VESPERTINA,DIARIO(REGULAR),EL PROGRESO
02-06-0020-46,,02-020,EL PROGRESO,SANSARE,COLEGIO SAGRADO CORAZӎ DE JESړ Y MAŔ,BARRIO PUEBLO ABAJO,79243482.0,ARISTIDES CABRERA ROMERO,MARTA NORIEGA,DIVERSIFICADO,PRIVADO,URBANA,ABIERTA,MONOLINGUE,DOBLE,FIN DE SEMANA,EL PROGRESO
02-06-0021-46,,02-020,EL PROGRESO,SANSARE,COLEGIO SAGRADO CORAZӎ DE JESړ Y MAŔ,BARRIO PUEBLO ABAJO,79243482.0,ARISTIDES CABRERA ROMERO,MARTA NOREIGA,DIVERSIFICADO,PRIVADO,URBANA,ABIERTA,MONOLINGUE,DOBLE,FIN DE SEMANA,EL PROGRESO
02-06-0022-46,,02-020,EL PROGRESO,SANSARE,COLEGIO SAGRADO CORAZӎ DE JɓUS Y MAŔ,BARRIO PUEBLO ABAJO,79243482.0,ARISTIDES CABRERA ROMERO,MARTA DOLORES NORIEGA BӌERES,DIVERSIFICADO,PRIVADO,URBANA,ABIERTA,MONOLINGUE,DOBLE,FIN DE SEMANA,EL PROGRESO
02-06-0024-46,,02-020,EL PROGRESO,SANSARE,INSTITUTO MUNICIPAL DE EDUCACIӎ BSICA Y BACHILLERATO POR MADUREZ,SALIDA ALDEA BUENA VISTA,42364577.0,ARISTIDES CABRERA ROMERO,JUAN CARLOS RUANO TɌLEZ,DIVERSIFICADO,MUNICIPAL,URBANA,ABIERTA,MONOLINGUE,SIN JORNADA,SEMIPRESENCIAL (FIN DE SEMANA),EL PROGRESO
02-06-0154-46,,02-020,EL PROGRESO,SANSARE,CENTRO EDUCATIVO LICEO SANSARE,SANSARE,54200599.0,ARISTIDES CABRERA ROMERO,ONEIDA LӐEZ CARDONA,DIVERSIFICADO,PRIVADO,URBANA,ABIERTA,MONOLINGUE,VESPERTINA,DIARIO(REGULAR),EL PROGRESO
02-06-0716-46,,02-022,EL PROGRESO,SANSARE,INSTITUTO DIVERSIFICADO POR COOPERATIVA SANSARE,SALIDA A BUENA VISTA,58145679.0,LUZ ELENA MORALES DE PAZ DE CARDONA,MIRELLA YAMILETH MARROQU͎ CARDONA,DIVERSIFICADO,COOPERATIVA,URBANA,ABIERTA,MONOLINGUE,DOBLE,DIARIO(REGULAR),EL PROGRESO
02-07-0008-46,,02-006,EL PROGRESO,SANARATE,INSTITUTO NACIONAL DE EDUCACION DIVERSIFICADA,"ZONA 4, COLINDANTE A POLIDEPORTIVO, SECTOR CAMPO DE CAMINOS",,JACQUELINE SUCELY CABRERA LOAIZA DE LEVY,GRACIELA IZAURA BRAN MONROY,DIVERSIFICADO,OFICIAL,URBANA,ABIERTA,MONOLINGUE,VESPERTINA,DIARIO(REGULAR),EL PROGRESO
02-07-0009-46,,02-006,EL PROGRESO,SANARATE,INSTITUTO NACIONAL DE EDUCACION DIVERSIFICADA,"ZONA 4, COLINDANTE A POLIDEPORTIVO, SECTOR CAMPO DE CAMINOS",48176330.0,JACQUELINE SUCELY CABRERA LOAIZA DE LEVY,MARIA DEL CARMEN MORALES MORALES,DIVERSIFICADO,OFICIAL,RURAL,ABIERTA,MONOLINGUE,MATUTINA,DIARIO(REGULAR),EL PROGRESO
02-07-0038-46,,02-021,EL PROGRESO,SANARATE,CENTRO EDUCATIVO ESTUARDO NOVELLA CAMACHO,"FINCA SAN MIGUEL RIO ABAJO, ALDEA EL SINACA",55751775.0,MARTA ELIDA CARIAS HERNANDEZ DE GARCIA,CELESTE NOEMY ARGUETA DE LEӎ,DIVERSIFICADO,PRIVADO,RURAL,ABIERTA,MONOLINGUE,DOBLE,FIN DE SEMANA,EL PROGRESO
02-07-0039-46,,02-018,EL PROGRESO,SANARATE,COLEGIO EL ROSARIO,2 AV. 01-010 ZONA 3,79253526.0,OSMAR JOSUE GONZALEZ HERNANDEZ,REINA ELIZABETH DIAZ CRUZ,DIVERSIFICADO,PRIVADO,URBANA,ABIERTA,MONOLINGUE,MATUTINA,DIARIO(REGULAR),EL PROGRESO
02-07-0043-46,,02-023,EL PROGRESO,SANARATE,"COLEGIO PROFESIONAL DE TURISMO ""GUATEMALAM""",1AV. 3-35 ZONA 1,79452850.0,MIGDALIA AZUCENA FAJARDO DEL CID,FELIX ALEXANDER LOPEZ MEJIA,DIVERSIFICADO,PRIVADO,URBANA,ABIERTA,MONOLINGUE,VESPERTINA,DIARIO(REGULAR),EL PROGRESO
02-07-0051-46,,02-018,EL PROGRESO,SANARATE,INSTITUTO TECNOLӇICO SANARATECO,2A AVENIDA 1-76 ZONA 4,47112811.0,OSMAR JOSUE GONZALEZ HERNANDEZ,CARLOS OVIDIO RAMOS HERRERA,DIVERSIFICADO,PRIVADO,URBANA,ABIERTA,MONOLINGUE,SIN JORNADA,SEMIPRESENCIAL (FIN DE SEMANA),EL PROGRESO
02-07-0053-46,,02-006,EL PROGRESO,SANARATE,INSTITUTO NACIONAL DE EDUCACION DIVERSIFICADA SANTA LUĆ LOS OCOTES,SANTA LUĆ LOS OCOTES,42187399.0,JACQUELINE SUCELY CABRERA LOAIZA DE LEVY,BRENDA CARINA MURALLES PEREZ,DIVERSIFICADO,OFICIAL,RURAL,ABIERTA,MONOLINGUE,VESPERTINA,DIARIO(REGULAR),EL PROGRESO
02-07-0199-46,,02-018,EL PROGRESO,SANARATE,COLEGIO PRIVADO MIXTO DE CIENCIAS COMERCIALES SANARATE,2AV. 2-45 ZONA 4,79252112.0,OSMAR JOSUE GONZALEZ HERNANDEZ,CLAUDIA ESPERANZA MORALES BARRIOS,DIVERSIFICADO,PRIVADO,URBANA,ABIERTA,MONOLINGUE,VESPERTINA,DIARIO(REGULAR),EL PROGRESO
02-07-0200-46,,02-018,EL PROGRESO,SANARATE,COLEGIO EL ROSARIO,2A. AVE. 3-66 ZONA 4,79253526.0,OSMAR JOSUE GONZALEZ HERNANDEZ,REINA ELIZABETH DIAZ CRUZ,DIVERSIFICADO,PRIVADO,URBANA,ABIERTA,MONOLINGUE,VESPERTINA,DIARIO(REGULAR),EL PROGRESO
02-07-0239-46,,02-006,EL PROGRESO,SANARATE,INSTITUTO TECNOLOGICO SANARATECO,2A AV.-1-76 ZONA 4,79252297.0,JACQUELINE SUCELY CABRERA LOAIZA DE LEVY,CARLOS OVIDIO RAMOS HERRERA,DIVERSIFICADO,PRIVADO,URBANA,ABIERTA,MONOLINGUE,DOBLE,FIN DE SEMANA,EL PROGRESO
02-07-0264-46,,02-006,EL PROGRESO,SANARATE,INSTITUTO TECNOLOGICO SANARATECO,2AV 1-76 ZONA 4 SANARATE,47141991.0,JACQUELINE SUCELY CABRERA LOAIZA DE LEVY,CARLOS OVIDIO RAMOS HERRERA,DIVERSIFICADO,PRIVADO,URBANA,ABIERTA,MONOLINGUE,VESPERTINA,DIARIO(REGULAR),EL PROGRESO
02-07-0268-46,,02-018,EL PROGRESO,SANARATE,COLEGIO EL ROSARIO,2A. AV. 3-66 ZONA 4,79253526.0,OSMAR JOSUE GONZALEZ HERNANDEZ,REINA ELIZABETH DIAZ CRUZ,DIVERSIFICADO,PRIVADO,URBANA,ABIERTA,MONOLINGUE,DOBLE,DIARIO(REGULAR),EL PROGRESO
02-07-0536-46,,02-018,EL PROGRESO,SANARATE,"INSTITUTO DE EDUCACIӎ MEDIA POR COOPERATIVA ""SANARATE""","1 CALLE 3-32, ZONA 1",79252525.0,OSMAR JOSUE GONZALEZ HERNANDEZ,MAŔ LUISA MORALES BRN,DIVERSIFICADO,COOPERATIVA,URBANA,ABIERTA,MONOLINGUE,VESPERTINA,DIARIO(REGULAR),EL PROGRESO
02-07-0678-46,,02-018,EL PROGRESO,SANARATE,ESCUELA TECNICA CIENCIA APLICADA ESTECA-PC,7A. CALLE 3-29 ZONA 4,79253207.0,OSMAR JOSUE GONZALEZ HERNANDEZ,EDGAR OMAR GONZLEZ RODAS,DIVERSIFICADO,PRIVADO,URBANA,ABIERTA,MONOLINGUE,VESPERTINA,DIARIO(REGULAR),EL PROGRESO
02-07-0679-46,,02-018,EL PROGRESO,SANARATE,ESCUELA TECNICA CIENCIA APLICADA ESTECA-PC,7A. CALLA 3-29 ZONA 4,79253207.0,OSMAR JOSUE GONZALEZ HERNANDEZ,EDGAR OMAR GONZLEZ RODAS,DIVERSIFICADO,PRIVADO,URBANA,ABIERTA,MONOLINGUE,MATUTINA,DIARIO(REGULAR),EL PROGRESO
02-07-0691-46,,02-018,EL PROGRESO,SANARATE,ESCUELA TECNICA CIENCIA APLICADA ESTECA-PC,7A. CALLE 3-29 ZONA 4,79253207.0,OSMAR JOSUE GONZALEZ HERNANDEZ,EDGAR OMAR GONZLEZ RODAS,DIVERSIFICADO,PRIVADO,URBANA,ABIERTA,MONOLINGUE,DOBLE,FIN DE SEMANA,EL PROGRESO
02-07-0699-46,,02-018,EL PROGRESO,SANARATE,ESCUELA TECNICA CIENCIA APLICADA ESTECA-PC,7A. CALLE 3-29 ZONA 4,79253207.0,OSMAR JOSUE GONZALEZ HERNANDEZ,EDGAR OMAR GONZLEZ RODAS,DIVERSIFICADO,PRIVADO,URBANA,ABIERTA,MONOLINGUE,DOBLE,DIARIO(REGULAR),EL PROGRESO
02-07-0755-46,,02-023,EL PROGRESO,SANARATE,COLEGIO PROFESIONAL DE TURISMO GUATEMALAM,1A. AVENIDA 3-35 ZONA 1,79452850.0,MIGDALIA AZUCENA FAJARDO DEL CID,FELIX ALEXANDER LOPEZ MEJIA,DIVERSIFICADO,PRIVADO,URBANA,ABIERTA,MONOLINGUE,MATUTINA,DIARIO(REGULAR),EL PROGRESO
02-07-0823-46,,02-018,EL PROGRESO,SANARATE,COLEGIO PRIVADO ENRIQUE NOVELLA ALVARADO,"FINCA SAN MIGUEL RIO ABAJO, ALDEA EL SINACA",58343695.0,OSMAR JOSUE GONZALEZ HERNANDEZ,RODOLFO GERARDO FONSECA SARMIENTO,DIVERSIFICADO,PRIVADO,RURAL,ABIERTA,MONOLINGUE,DOBLE,DIARIO(REGULAR),EL PROGRESO
02-08-0012-46,,02-008,EL PROGRESO,SAN ANTONIO LA PAZ,INSTITUTO NACIONAL DE EDUCACION DIVERSIFICADA,CABECERA MUNICIPAL,31426017.0,MARTA ALICIA CRUZ PEREZ,ADRIANA DEL ROSARIO PɒEZ MIJANGOS,DIVERSIFICADO,OFICIAL,URBANA,ABIERTA,MONOLINGUE,MATUTINA,DIARIO(REGULAR),EL PROGRESO
02-08-0021-46,,02-008,EL PROGRESO,SAN ANTONIO LA PAZ,"INSTITUTO MUNICIPAL DE EDUCACIӎ DIVERSIFICADA ""JOSɠINɓ CCERES""",ALDEA AGUA CALIENTE,40120019.0,MARTA ALICIA CRUZ PEREZ,ADRIANA GODINEZ NORIEGA,DIVERSIFICADO,MUNICIPAL,RURAL,ABIERTA,MONOLINGUE,VESPERTINA,DIARIO(REGULAR),EL PROGRESO
02-08-0023-46,,02-008,EL PROGRESO,SAN ANTONIO LA PAZ,COLEGIO PRIVADO LICEO SAN ANTONIO,BARRIO EL CALVARIO,45072631.0,MARTA ALICIA CRUZ PEREZ,FLORIDALMA MORALES GRAMAJO,DIVERSIFICADO,PRIVADO,URBANA,ABIERTA,MONOLINGUE,VESPERTINA,DIARIO(REGULAR),EL PROGRESO
02-08-0030-46,,02-008,EL PROGRESO,SAN ANTONIO LA PAZ,INSTITUTO NACIONAL DE EDUCACIӎ DIVERSIFICADA,ALDEA SANTO DOMINGO LOS OCOTES,45719074.0,MARTA ALICIA CRUZ PEREZ,MARIA CONCEPCIӎ SANTOS ALVAREZ,DIVERSIFICADO,OFICIAL,RURAL,ABIERTA,MONOLINGUE,MATUTINA,DIARIO(REGULAR),EL PROGRESO
02-08-0535-46,,02-008,EL PROGRESO,SAN ANTONIO LA PAZ,INSTITUTO DIVERSIFICADO POR COOPERATIVA,BARRIO EL CENTRO,,MARTA ALICIA CRUZ PEREZ,SERGIO ISIDRO CAŔS COLINDRES,DIVERSIFICADO,COOPERATIVA,URBANA,ABIERTA,MONOLINGUE,VESPERTINA,DIARIO(REGULAR),EL PROGRESO
